Role,Capabilities
Producer,PRD;Milestones;Acceptance;Risk Matrix
Director,Story Breakdown;Golden Shots;Reviews
Story Writer,Outline;Beat Sheet;Character Arc
Art Director,Style Guide;Design Bible
Storyboard Artist,Boards;Timing Table
Layout / Previs,Camera;Timing;Previs
Modeling,Topology;UV;Model List
Surfacing,Shaders;Textures;Lookdev
Rigging,Skeleton;Controllers;Weights
Animation,Blocking;Spline;Polish;Lip-sync
FX,Particles;VDB;Caches;AOV
Lighting & Rendering,Lighting;Sampling;AOV;Logs
Compositing,Keys;Rebuild;Grade;Final
Editing & Delivery,EDL/OTIO;Master;Transcode;Manifest
Sound & Music,Dialog;Foley;Ambience;Score;Mix
Color / Grading,Look Match;Secondaries;LUT
QC,Test Plan;Checklists;Reports
Pipeline TD,Architecture;Automation;Runbook
