[
  {
    "role_id": "01",
    "role_name": "Producer",
    "aliases": [
      "制片",
      "PO",
      "PM"
    ],
    "file": "roles/01-producer.md",
    "depends_on": [
      "Story Writer",
      "Director",
      "Art Director",
      "Pipeline TD"
    ],
    "handoff_to": [
      "Director",
      "Pipeline TD",
      "QC"
    ],
    "inputs_contract": [
      "docs/story_outline.md",
      "templates/docs/prd.md"
    ],
    "outputs_contract": [
      "docs/prd.md",
      "docs/schedule.md",
      "docs/resources.md"
    ]
  },
  {
    "role_id": "02",
    "role_name": "Director",
    "aliases": [
      "监督",
      "总监",
      "SM"
    ],
    "file": "roles/02-director.md",
    "depends_on": [
      "Producer",
      "Story Writer",
      "Art Director"
    ],
    "handoff_to": [
      "Storyboard Artist",
      "Layout / Previs",
      "Animation"
    ],
    "inputs_contract": [
      "docs/prd.md",
      "docs/style-guide.md"
    ],
    "outputs_contract": [
      "stories/*.md",
      "docs/review_notes.md"
    ]
  },
  {
    "role_id": "03",
    "role_name": "Story Writer",
    "aliases": [
      "编剧",
      "Analyst"
    ],
    "file": "roles/03-story-writer.md",
    "depends_on": [
      "Producer"
    ],
    "handoff_to": [
      "Director",
      "Storyboard Artist"
    ],
    "inputs_contract": [
      "brief.md"
    ],
    "outputs_contract": [
      "docs/story_outline.md",
      "docs/scene_list.md"
    ]
  },
  {
    "role_id": "04",
    "role_name": "Art Director",
    "aliases": [
      "美术总监",
      "设定",
      "UX-Expert"
    ],
    "file": "roles/04-art-director.md",
    "depends_on": [
      "Producer"
    ],
    "handoff_to": [
      "Modeling",
      "Lighting & Rendering",
      "Compositing"
    ],
    "inputs_contract": [
      "docs/prd.md"
    ],
    "outputs_contract": [
      "docs/style-guide.md",
      "assets/design_bible/*"
    ]
  },
  {
    "role_id": "05",
    "role_name": "Storyboard Artist",
    "aliases": [
      "分镜"
    ],
    "file": "roles/05-storyboard-artist.md",
    "depends_on": [
      "Story Writer",
      "Director",
      "Art Director"
    ],
    "handoff_to": [
      "Layout / Previs",
      "Animation"
    ],
    "inputs_contract": [
      "docs/story_outline.md",
      "docs/style-guide.md"
    ],
    "outputs_contract": [
      "docs/boards/*",
      "docs/timing_table.csv"
    ]
  },
  {
    "role_id": "06",
    "role_name": "Layout / Previs",
    "aliases": [
      "布局",
      "预演"
    ],
    "file": "roles/06-layout-previs.md",
    "depends_on": [
      "Storyboard Artist",
      "Art Director"
    ],
    "handoff_to": [
      "Animation",
      "FX",
      "Lighting & Rendering",
      "QC"
    ],
    "inputs_contract": [
      "docs/boards/*",
      "assets/design_bible/*"
    ],
    "outputs_contract": [
      "shots/*/layout/work/*",
      "shots/*/layout/preview.mov"
    ]
  },
  {
    "role_id": "07",
    "role_name": "Modeling",
    "aliases": [
      "建模"
    ],
    "file": "roles/07-modeling.md",
    "depends_on": [
      "Art Director"
    ],
    "handoff_to": [
      "Surfacing",
      "Rigging",
      "QC"
    ],
    "inputs_contract": [
      "assets/design_bible/*"
    ],
    "outputs_contract": [
      "assets/models/*",
      "docs/model_list.md"
    ]
  },
  {
    "role_id": "08",
    "role_name": "Surfacing",
    "aliases": [
      "材质",
      "贴图"
    ],
    "file": "roles/08-surfacing.md",
    "depends_on": [
      "Modeling",
      "Art Director"
    ],
    "handoff_to": [
      "Lighting & Rendering",
      "Compositing",
      "QC"
    ],
    "inputs_contract": [
      "assets/models/*",
      "docs/style-guide.md"
    ],
    "outputs_contract": [
      "assets/surfacing/*",
      "docs/shader_notes.md"
    ]
  },
  {
    "role_id": "09",
    "role_name": "Rigging",
    "aliases": [
      "绑定",
      "角色TD"
    ],
    "file": "roles/09-rigging.md",
    "depends_on": [
      "Modeling"
    ],
    "handoff_to": [
      "Animation",
      "QC"
    ],
    "inputs_contract": [
      "assets/models/*"
    ],
    "outputs_contract": [
      "assets/rigs/*",
      "docs/rig_guide.md"
    ]
  },
  {
    "role_id": "10",
    "role_name": "Animation",
    "aliases": [
      "动画"
    ],
    "file": "roles/10-animation.md",
    "depends_on": [
      "Layout / Previs",
      "Rigging"
    ],
    "handoff_to": [
      "FX",
      "Lighting & Rendering",
      "Compositing",
      "QC"
    ],
    "inputs_contract": [
      "shots/*/layout/*",
      "assets/rigs/*"
    ],
    "outputs_contract": [
      "shots/*/anim/work/*",
      "shots/*/anim/preview.mov"
    ]
  },
  {
    "role_id": "11",
    "role_name": "FX",
    "aliases": [
      "特效"
    ],
    "file": "roles/11-fx.md",
    "depends_on": [
      "Layout / Previs",
      "Animation"
    ],
    "handoff_to": [
      "Compositing",
      "QC"
    ],
    "inputs_contract": [
      "shots/*/layout/*",
      "shots/*/anim/*"
    ],
    "outputs_contract": [
      "shots/*/fx/work/*",
      "shots/*/fx/AOV/*"
    ]
  },
  {
    "role_id": "12",
    "role_name": "Lighting & Rendering",
    "aliases": [
      "灯光渲染",
      "Lighting"
    ],
    "file": "roles/12-lighting-rendering.md",
    "depends_on": [
      "Art Director",
      "Layout / Previs",
      "Animation",
      "Surfacing"
    ],
    "handoff_to": [
      "Compositing",
      "QC"
    ],
    "inputs_contract": [
      "assets/surfacing/*",
      "shots/*/layout/*",
      "shots/*/anim/*"
    ],
    "outputs_contract": [
      "shots/*/lighting/publish/exr/*",
      "render_logs/*"
    ]
  },
  {
    "role_id": "13",
    "role_name": "Compositing",
    "aliases": [
      "合成",
      "Comp"
    ],
    "file": "roles/13-compositing.md",
    "depends_on": [
      "Lighting & Rendering",
      "FX"
    ],
    "handoff_to": [
      "Color / Grading",
      "Editing & Delivery",
      "QC"
    ],
    "inputs_contract": [
      "shots/*/lighting/publish/exr/*",
      "shots/*/fx/*"
    ],
    "outputs_contract": [
      "shots/*/comp/publish/final/*",
      "docs/comp_notes.md"
    ]
  },
  {
    "role_id": "14",
    "role_name": "Editing & Delivery",
    "aliases": [
      "剪辑",
      "交付"
    ],
    "file": "roles/14-editing-delivery.md",
    "depends_on": [
      "Compositing",
      "Color / Grading",
      "Sound & Music"
    ],
    "handoff_to": [
      "QC",
      "Producer"
    ],
    "inputs_contract": [
      "shots/*/comp/publish/final/*",
      "assets/audio/*",
      "shots/*/grade/*"
    ],
    "outputs_contract": [
      "delivery/master/*",
      "delivery/social/*",
      "docs/delivery_manifest.csv"
    ]
  },
  {
    "role_id": "15",
    "role_name": "Sound & Music",
    "aliases": [
      "声音",
      "配乐"
    ],
    "file": "roles/15-sound-music.md",
    "depends_on": [
      "Story Writer",
      "Editing & Delivery"
    ],
    "handoff_to": [
      "Editing & Delivery",
      "QC"
    ],
    "inputs_contract": [
      "docs/story_outline.md"
    ],
    "outputs_contract": [
      "assets/audio/*",
      "docs/mix_notes.md"
    ]
  },
  {
    "role_id": "16",
    "role_name": "Color / Grading",
    "aliases": [
      "调色",
      "Color"
    ],
    "file": "roles/16-color-grading.md",
    "depends_on": [
      "Compositing"
    ],
    "handoff_to": [
      "Editing & Delivery",
      "QC"
    ],
    "inputs_contract": [
      "shots/*/comp/publish/final/*",
      "docs/style-guide.md"
    ],
    "outputs_contract": [
      "shots/*/grade/publish/*",
      "luts/*"
    ]
  },
  {
    "role_id": "17",
    "role_name": "QC",
    "aliases": [
      "质量",
      "QA"
    ],
    "file": "roles/17-qc.md",
    "depends_on": [
      "All"
    ],
    "handoff_to": [
      "All"
    ],
    "inputs_contract": [
      "All"
    ],
    "outputs_contract": [
      "qa/test-plan.md",
      "qa/checklists/*",
      "qa/reports/*"
    ]
  },
  {
    "role_id": "18",
    "role_name": "Pipeline TD",
    "aliases": [
      "管线",
      "DevOps",
      "Architect"
    ],
    "file": "roles/18-pipeline-td.md",
    "depends_on": [
      "Producer"
    ],
    "handoff_to": [
      "All"
    ],
    "inputs_contract": [
      "docs/prd.md"
    ],
    "outputs_contract": [
      "docs/pipeline-architecture.md",
      "tools/*",
      "docs/runbook.md"
    ]
  }
]