[
  {
    "role_id": "01",
    "role_name": "Principal Investigator (PI)",
    "file": "roles/01-principal-investigator.md"
  },
  {
    "role_id": "02",
    "role_name": "Research Program Manager",
    "file": "roles/02-research-program-manager.md"
  },
  {
    "role_id": "03",
    "role_name": "Grant & Finance Manager",
    "file": "roles/03-grant-finance-manager.md"
  },
  {
    "role_id": "04",
    "role_name": "Ethics/IRB-IACUC Coordinator",
    "file": "roles/04-ethics-coordinator.md"
  },
  {
    "role_id": "05",
    "role_name": "Data Manager / DMP Lead",
    "file": "roles/05-data-manager.md"
  },
  {
    "role_id": "06",
    "role_name": "Biostatistician / Statistician",
    "file": "roles/06-statistician.md"
  },
  {
    "role_id": "07",
    "role_name": "Research Software & Computing Lead",
    "file": "roles/07-research-computing-lead.md"
  },
  {
    "role_id": "08",
    "role_name": "Laboratory Manager",
    "file": "roles/08-lab-manager.md"
  },
  {
    "role_id": "09",
    "role_name": "EHS & Biosafety Officer",
    "file": "roles/09-ehs-biosafety-officer.md"
  },
  {
    "role_id": "10",
    "role_name": "Quality Assurance / QC Lead",
    "file": "roles/10-qa-qc-lead.md"
  },
  {
    "role_id": "11",
    "role_name": "Protocol Author & Method Lead",
    "file": "roles/11-protocol-method-lead.md"
  },
  {
    "role_id": "12",
    "role_name": "Field & Sample Collection Coordinator",
    "file": "roles/12-field-sample-coordinator.md"
  },
  {
    "role_id": "13",
    "role_name": "Procurement & Inventory Manager",
    "file": "roles/13-procurement-inventory-manager.md"
  },
  {
    "role_id": "14",
    "role_name": "Publication & Communications Lead",
    "file": "roles/14-publication-communications.md"
  },
  {
    "role_id": "15",
    "role_name": "IP & Tech Transfer Liaison",
    "file": "roles/15-ip-tech-transfer-liaison.md"
  },
  {
    "role_id": "16",
    "role_name": "Collaboration & Consortium Coordinator",
    "file": "roles/16-collaboration-consortium.md"
  },
  {
    "role_id": "17",
    "role_name": "Training & RCR Coordinator",
    "file": "roles/17-training-rcr-coordinator.md"
  },
  {
    "role_id": "18",
    "role_name": "Reproducibility & Open Science Lead",
    "file": "roles/18-reproducibility-open-science-lead.md"
  }
]