[
  {
    "role_id": "01",
    "role_name": "Executive Producer",
    "file": "roles/01-executive-producer.md"
  },
  {
    "role_id": "02",
    "role_name": "Producer / Line Producer",
    "file": "roles/02-producer-line-producer.md"
  },
  {
    "role_id": "03",
    "role_name": "Director",
    "file": "roles/03-director.md"
  },
  {
    "role_id": "04",
    "role_name": "Art Director / VisDev Lead",
    "file": "roles/04-art-director-visdev.md"
  },
  {
    "role_id": "05",
    "role_name": "Technical Director (Show TD)",
    "file": "roles/05-technical-director.md"
  },
  {
    "role_id": "06",
    "role_name": "Pipeline TD",
    "file": "roles/06-pipeline-td.md"
  },
  {
    "role_id": "07",
    "role_name": "CG Supervisor",
    "file": "roles/07-cg-supervisor.md"
  },
  {
    "role_id": "08",
    "role_name": "Animation Supervisor",
    "file": "roles/08-animation-supervisor.md"
  },
  {
    "role_id": "09",
    "role_name": "Modeling Lead",
    "file": "roles/09-modeling-lead.md"
  },
  {
    "role_id": "10",
    "role_name": "Rigging Lead",
    "file": "roles/10-rigging-lead.md"
  },
  {
    "role_id": "11",
    "role_name": "LookDev/Shading Lead",
    "file": "roles/11-lookdev-shading-lead.md"
  },
  {
    "role_id": "12",
    "role_name": "Layout Lead",
    "file": "roles/12-layout-lead.md"
  },
  {
    "role_id": "13",
    "role_name": "FX Supervisor",
    "file": "roles/13-fx-supervisor.md"
  },
  {
    "role_id": "14",
    "role_name": "Lighting & Rendering Lead",
    "file": "roles/14-lighting-rendering-lead.md"
  },
  {
    "role_id": "15",
    "role_name": "Compositing Supervisor",
    "file": "roles/15-compositing-supervisor.md"
  },
  {
    "role_id": "16",
    "role_name": "Editorial/Post Supervisor",
    "file": "roles/16-editorial-post-supervisor.md"
  },
  {
    "role_id": "17",
    "role_name": "QA/QC Lead",
    "file": "roles/17-qa-qc-lead.md"
  },
  {
    "role_id": "18",
    "role_name": "Production Manager & Asset Manager",
    "file": "roles/18-production-asset-manager.md"
  }
]