[
  {
    "role_id": "01",
    "role_name": "Managing Partner",
    "file": "roles/01-managing-partner.md"
  },
  {
    "role_id": "02",
    "role_name": "General Partner (GP)",
    "file": "roles/02-general-partner.md"
  },
  {
    "role_id": "03",
    "role_name": "Investment Partner",
    "file": "roles/03-investment-partner.md"
  },
  {
    "role_id": "04",
    "role_name": "Principal",
    "file": "roles/04-principal.md"
  },
  {
    "role_id": "05",
    "role_name": "Senior Associate",
    "file": "roles/05-senior-associate.md"
  },
  {
    "role_id": "06",
    "role_name": "Analyst",
    "file": "roles/06-analyst.md"
  },
  {
    "role_id": "07",
    "role_name": "Venture Partner",
    "file": "roles/07-venture-partner.md"
  },
  {
    "role_id": "08",
    "role_name": "Entrepreneur in Residence (EIR)",
    "file": "roles/08-eir.md"
  },
  {
    "role_id": "09",
    "role_name": "Head of Platform / Value Creation",
    "file": "roles/09-head-of-platform.md"
  },
  {
    "role_id": "10",
    "role_name": "Head of Talent / People",
    "file": "roles/10-head-of-talent.md"
  },
  {
    "role_id": "11",
    "role_name": "Head of Marketing & Brand",
    "file": "roles/11-head-of-marketing.md"
  },
  {
    "role_id": "12",
    "role_name": "CFO / COO (Fund Operations)",
    "file": "roles/12-cfo-coo.md"
  },
  {
    "role_id": "13",
    "role_name": "Fund Counsel / Legal Lead",
    "file": "roles/13-fund-counsel-legal.md"
  },
  {
    "role_id": "14",
    "role_name": "Compliance & AML Officer",
    "file": "roles/14-compliance-aml-officer.md"
  },
  {
    "role_id": "15",
    "role_name": "Controller / Fund Administrator",
    "file": "roles/15-controller-fund-admin.md"
  },
  {
    "role_id": "16",
    "role_name": "Data & Research Lead",
    "file": "roles/16-data-research-lead.md"
  },
  {
    "role_id": "17",
    "role_name": "ESG & Impact Lead",
    "file": "roles/17-esg-impact-lead.md"
  },
  {
    "role_id": "18",
    "role_name": "Investor Relations (IR) Lead",
    "file": "roles/18-ir-lead.md"
  }
]