[
  {
    "role_id": "01",
    "role_name": "Platform Owner",
    "file": "roles/01-platform-owner.md"
  },
  {
    "role_id": "02",
    "role_name": "Lakehouse Architect",
    "file": "roles/02-lakehouse-architect.md"
  },
  {
    "role_id": "03",
    "role_name": "Product Manager",
    "file": "roles/03-product-manager.md"
  },
  {
    "role_id": "04",
    "role_name": "Business Analyst",
    "file": "roles/04-business-analyst.md"
  },
  {
    "role_id": "05",
    "role_name": "Data Contract Owner",
    "file": "roles/05-data-contract-owner.md"
  },
  {
    "role_id": "06",
    "role_name": "Data Engineering Lead (DLT/Jobs)",
    "file": "roles/06-data-engineering-lead.md"
  },
  {
    "role_id": "07",
    "role_name": "Streaming Engineer (Autoloader/DLT)",
    "file": "roles/07-streaming-engineer.md"
  },
  {
    "role_id": "08",
    "role_name": "Analytics Engineer (BI/SQL/DBSQL)",
    "file": "roles/08-analytics-engineer-bisql.md"
  },
  {
    "role_id": "09",
    "role_name": "ML Engineer (MLOps)",
    "file": "roles/09-ml-engineer-mlops.md"
  },
  {
    "role_id": "10",
    "role_name": "DataOps / SRE",
    "file": "roles/10-dataops-sre.md"
  },
  {
    "role_id": "11",
    "role_name": "Security & Governance (Unity Catalog)",
    "file": "roles/11-security-governance-uc.md"
  },
  {
    "role_id": "12",
    "role_name": "Privacy & Compliance",
    "file": "roles/12-privacy-compliance.md"
  },
  {
    "role_id": "13",
    "role_name": "FinOps Cost Optimizer",
    "file": "roles/13-finops-cost-optimizer.md"
  },
  {
    "role_id": "14",
    "role_name": "Observability & Reliability",
    "file": "roles/14-observability-reliability.md"
  },
  {
    "role_id": "15",
    "role_name": "Release & Change Manager",
    "file": "roles/15-release-change-manager.md"
  },
  {
    "role_id": "16",
    "role_name": "DevEx & Platform Automation",
    "file": "roles/16-devex-platform-automation.md"
  },
  {
    "role_id": "17",
    "role_name": "Quality Assurance (Data & Code Tests)",
    "file": "roles/17-quality-assurance-data-tests.md"
  },
  {
    "role_id": "18",
    "role_name": "Support & Incident Manager",
    "file": "roles/18-support-incident-manager.md"
  }
]