[
  {
    "role_id": "01",
    "role_name": "Hospital Director / Administrator",
    "file": "roles/01-hospital-director.md"
  },
  {
    "role_id": "02",
    "role_name": "Chief Medical Officer (CMO)",
    "file": "roles/02-chief-medical-officer.md"
  },
  {
    "role_id": "03",
    "role_name": "Director of Nursing (DON)",
    "file": "roles/03-director-nursing.md"
  },
  {
    "role_id": "04",
    "role_name": "Clinic/Outpatient Manager",
    "file": "roles/04-clinic-outpatient-manager.md"
  },
  {
    "role_id": "05",
    "role_name": "Emergency Dept Lead",
    "file": "roles/05-emergency-lead.md"
  },
  {
    "role_id": "06",
    "role_name": "Inpatient Ward Manager",
    "file": "roles/06-inpatient-ward-manager.md"
  },
  {
    "role_id": "07",
    "role_name": "OR & Anesthesia Lead",
    "file": "roles/07-or-anesthesia-lead.md"
  },
  {
    "role_id": "08",
    "role_name": "Laboratory Manager",
    "file": "roles/08-lab-manager.md"
  },
  {
    "role_id": "09",
    "role_name": "Radiology/PACS Manager",
    "file": "roles/09-radiology-pacs-manager.md"
  },
  {
    "role_id": "10",
    "role_name": "Pharmacy Director",
    "file": "roles/10-pharmacy-director.md"
  },
  {
    "role_id": "11",
    "role_name": "Infection Control Officer",
    "file": "roles/11-infection-control-officer.md"
  },
  {
    "role_id": "12",
    "role_name": "Quality & Patient Safety Manager",
    "file": "roles/12-quality-patient-safety.md"
  },
  {
    "role_id": "13",
    "role_name": "Health IT / EHR Administrator",
    "file": "roles/13-health-it-ehr-admin.md"
  },
  {
    "role_id": "14",
    "role_name": "Finance & Revenue Cycle Manager",
    "file": "roles/14-finance-rcm-manager.md"
  },
  {
    "role_id": "15",
    "role_name": "Supply Chain & Inventory Manager",
    "file": "roles/15-supply-inventory-manager.md"
  },
  {
    "role_id": "16",
    "role_name": "Patient Experience & Front Desk Lead",
    "file": "roles/16-patient-experience-frontdesk.md"
  },
  {
    "role_id": "17",
    "role_name": "Compliance & Legal",
    "file": "roles/17-compliance-legal.md"
  },
  {
    "role_id": "18",
    "role_name": "Education & Training Coordinator",
    "file": "roles/18-education-training-coordinator.md"
  }
]