Role,Capabilities
Platform Owner,Landing Zone;Policies;Runbook
Lakehouse Architect,Domain Modeling;Delta/UC;SLA/SLO
Product Manager,Use Cases;Roadmap;Backlog
Business Analyst,Requirements;Data Contract
Data Contract Owner,Contracts;DQ Rules
Data Engineering Lead,DLT/Jobs;ETL Standards
Streaming Engineer,Autoloader;Checkpointing;Exactly-once
Analytics Engineer (BI/SQL),Gold Layer;Semantic Models;DBSQL
ML Engineer (MLOps),Feature Store;MLflow;Serving
DataOps / SRE,Ops;Rollback;Backfill
Security & Governance (Unity Catalog),Grants;Masking;Audit
Privacy & Compliance,PII;Retention;Legal
FinOps Cost Optimizer,Budgets;Cost Tags;Optimization
Observability & Reliability,Monitoring;Alerts;SLO
Release & Change Manager,CI/CD;Change Control
DevEx & Platform Automation,Terraform;CLI;Templates
Quality Assurance (Data & Code Tests),DQ;Unit/Integration Tests
Support & Incident Manager,Incident;Postmortem
