[
  {
    "role_id": "01",
    "role_name": "Platform Owner",
    "aliases": [
      "平台负责人"
    ],
    "file": "roles/01-platform-owner.md",
    "depends_on": [],
    "handoff_to": [
      "Lakehouse Architect",
      "Security & Governance (Unity Catalog)",
      "FinOps Cost Optimizer",
      "DataOps / SRE"
    ],
    "inputs_contract": [
      "templates/docs/tf-landing-zone-guide.md",
      "templates/docs/cluster-policy.md"
    ],
    "outputs_contract": [
      "templates/docs/runbook.md"
    ]
  },
  {
    "role_id": "02",
    "role_name": "Lakehouse Architect",
    "aliases": [
      "湖仓一体架构师"
    ],
    "file": "roles/02-lakehouse-architect.md",
    "depends_on": [
      "Platform Owner",
      "Product Manager",
      "Security & Governance (Unity Catalog)"
    ],
    "handoff_to": [
      "Data Engineering Lead",
      "Streaming Engineer",
      "Analytics Engineer (BI/SQL)",
      "ML Engineer (MLOps)",
      "Security & Governance (Unity Catalog)"
    ],
    "inputs_contract": [
      "templates/docs/domain-data-map.md",
      "templates/docs/data-contract.md"
    ],
    "outputs_contract": [
      "templates/docs/lakehouse-architecture.md",
      "templates/docs/delta-table-spec.md",
      "templates/docs/uc-catalog-policy.md"
    ]
  },
  {
    "role_id": "03",
    "role_name": "Product Manager",
    "aliases": [
      "产品经理"
    ],
    "file": "roles/03-product-manager.md",
    "depends_on": [
      "Business Analyst",
      "Platform Owner"
    ],
    "handoff_to": [
      "Business Analyst",
      "Data Contract Owner",
      "Lakehouse Architect",
      "Release & Change Manager"
    ],
    "inputs_contract": [
      "templates/docs/domain-data-map.md"
    ],
    "outputs_contract": [
      "templates/docs/batch-pipeline-design.md",
      "templates/data/jobs_schedule.csv"
    ]
  },
  {
    "role_id": "04",
    "role_name": "Business Analyst",
    "aliases": [
      "业务分析师"
    ],
    "file": "roles/04-business-analyst.md",
    "depends_on": [
      "Product Manager"
    ],
    "handoff_to": [
      "Data Contract Owner",
      "Lakehouse Architect"
    ],
    "inputs_contract": [
      "templates/docs/domain-data-map.md"
    ],
    "outputs_contract": [
      "templates/docs/data-contract.md",
      "templates/docs/silver-to-gold-modeling.md"
    ]
  },
  {
    "role_id": "05",
    "role_name": "Data Contract Owner",
    "aliases": [
      "数据契约负责人"
    ],
    "file": "roles/05-data-contract-owner.md",
    "depends_on": [
      "Business Analyst",
      "Product Manager"
    ],
    "handoff_to": [
      "Lakehouse Architect",
      "Data Engineering Lead",
      "Quality Assurance (Data & Code Tests)"
    ],
    "inputs_contract": [
      "templates/docs/data-contract.md",
      "templates/data/dq_rules.csv"
    ],
    "outputs_contract": [
      "templates/data/data_contracts.csv"
    ]
  },
  {
    "role_id": "06",
    "role_name": "Data Engineering Lead",
    "aliases": [
      "数据工程负责人"
    ],
    "file": "roles/06-data-engineering-lead.md",
    "depends_on": [
      "Lakehouse Architect",
      "Data Contract Owner"
    ],
    "handoff_to": [
      "Streaming Engineer",
      "Analytics Engineer (BI/SQL)",
      "DataOps / SRE",
      "Release & Change Manager"
    ],
    "inputs_contract": [
      "templates/docs/dlt-design.md",
      "templates/docs/batch-pipeline-design.md"
    ],
    "outputs_contract": [
      "templates/code/dlt/pipeline.py",
      "templates/docs/job-runbook.md"
    ]
  },
  {
    "role_id": "07",
    "role_name": "Streaming Engineer",
    "aliases": [
      "流处理工程师（Autoloader/DLT）"
    ],
    "file": "roles/07-streaming-engineer.md",
    "depends_on": [
      "Lakehouse Architect",
      "Data Engineering Lead"
    ],
    "handoff_to": [
      "Observability & Reliability",
      "Analytics Engineer (BI/SQL)",
      "ML Engineer (MLOps)"
    ],
    "inputs_contract": [
      "templates/docs/streaming-autoloader-design.md"
    ],
    "outputs_contract": [
      "templates/code/notebooks/streaming_autoloader.py"
    ]
  },
  {
    "role_id": "08",
    "role_name": "Analytics Engineer (BI/SQL)",
    "aliases": [
      "Analytics Engineer（BI/SQL/DBSQL）"
    ],
    "file": "roles/08-analytics-engineer-biqt.md",
    "depends_on": [
      "Lakehouse Architect",
      "Data Contract Owner",
      "Data Engineering Lead"
    ],
    "handoff_to": [
      "Release & Change Manager",
      "Quality Assurance (Data & Code Tests)"
    ],
    "inputs_contract": [
      "templates/docs/silver-to-gold-modeling.md"
    ],
    "outputs_contract": [
      "templates/code/notebooks/gold_mart.sql"
    ]
  },
  {
    "role_id": "09",
    "role_name": "ML Engineer (MLOps)",
    "aliases": [
      "ML 工程师/MLOps"
    ],
    "file": "roles/09-ml-engineer-mlops.md",
    "depends_on": [
      "Data Engineering Lead",
      "Analytics Engineer (BI/SQL)"
    ],
    "handoff_to": [
      "Release & Change Manager",
      "Observability & Reliability"
    ],
    "inputs_contract": [
      "templates/docs/feature-store-spec.md",
      "templates/docs/ml-experiment-plan.md"
    ],
    "outputs_contract": [
      "templates/code/ml/feature_engineering.py",
      "templates/docs/model-card.md",
      "templates/docs/serving-config.md"
    ]
  },
  {
    "role_id": "10",
    "role_name": "DataOps / SRE",
    "aliases": [
      "DataOps / SRE"
    ],
    "file": "roles/10-dataops-sre.md",
    "depends_on": [
      "Platform Owner",
      "Data Engineering Lead"
    ],
    "handoff_to": [
      "Observability & Reliability",
      "Support & Incident Manager"
    ],
    "inputs_contract": [
      "templates/docs/job-runbook.md",
      "templates/docs/rollback-backfill-playbook.md"
    ],
    "outputs_contract": [
      "templates/data/incidents.csv"
    ]
  },
  {
    "role_id": "11",
    "role_name": "Security & Governance (Unity Catalog)",
    "aliases": [
      "安全与治理（Unity Catalog）"
    ],
    "file": "roles/11-security-governance-uc.md",
    "depends_on": [
      "Platform Owner",
      "Privacy & Compliance"
    ],
    "handoff_to": [
      "Release & Change Manager",
      "Data Engineering Lead",
      "Analytics Engineer (BI/SQL)",
      "ML Engineer (MLOps)"
    ],
    "inputs_contract": [
      "templates/docs/data-classification-matrix.md",
      "templates/data/table_registry.csv"
    ],
    "outputs_contract": [
      "templates/docs/uc-catalog-policy.md",
      "templates/policies/uc_grants.sql",
      "templates/policies/row_column_masking.sql"
    ]
  },
  {
    "role_id": "12",
    "role_name": "Privacy & Compliance",
    "aliases": [
      "隐私与合规"
    ],
    "file": "roles/12-privacy-compliance.md",
    "depends_on": [
      "Security & Governance (Unity Catalog)",
      "Product Manager"
    ],
    "handoff_to": [
      "Security & Governance (Unity Catalog)",
      "Release & Change Manager"
    ],
    "inputs_contract": [
      "templates/docs/pii-masking-design.md"
    ],
    "outputs_contract": [
      "templates/policies/row_column_masking.sql"
    ]
  },
  {
    "role_id": "13",
    "role_name": "FinOps Cost Optimizer",
    "aliases": [
      "FinOps 成本优化"
    ],
    "file": "roles/13-finops-cost-optimizer.md",
    "depends_on": [
      "Platform Owner",
      "Product Manager"
    ],
    "handoff_to": [
      "Platform Owner",
      "Release & Change Manager"
    ],
    "inputs_contract": [
      "templates/data/cost_budgets.csv"
    ],
    "outputs_contract": [
      "templates/docs/finops-budget-policy.md"
    ]
  },
  {
    "role_id": "14",
    "role_name": "Observability & Reliability",
    "aliases": [
      "可观测性与可靠性"
    ],
    "file": "roles/14-observability-reliability.md",
    "depends_on": [
      "DataOps / SRE",
      "Data Engineering Lead",
      "Streaming Engineer",
      "ML Engineer (MLOps)"
    ],
    "handoff_to": [
      "Support & Incident Manager",
      "Platform Owner"
    ],
    "inputs_contract": [
      "templates/monitoring/lakehouse-monitoring.yaml"
    ],
    "outputs_contract": [
      "templates/docs/observability-slo.md"
    ]
  },
  {
    "role_id": "15",
    "role_name": "Release & Change Manager",
    "aliases": [
      "发布与变更管理"
    ],
    "file": "roles/15-release-change-manager.md",
    "depends_on": [
      "Data Engineering Lead",
      "Analytics Engineer (BI/SQL)",
      "ML Engineer (MLOps)",
      "Quality Assurance (Data & Code Tests)"
    ],
    "handoff_to": [
      "DevEx & Platform Automation",
      "Support & Incident Manager"
    ],
    "inputs_contract": [
      "templates/docs/ci-cd-guide.md"
    ],
    "outputs_contract": [
      "templates/ci-cd/github-actions-databricks.yml"
    ]
  },
  {
    "role_id": "16",
    "role_name": "DevEx & Platform Automation",
    "aliases": [
      "DevEx 与平台自动化"
    ],
    "file": "roles/16-devex-platform-automation.md",
    "depends_on": [
      "Platform Owner",
      "Lakehouse Architect",
      "Release & Change Manager"
    ],
    "handoff_to": [
      "All Roles"
    ],
    "inputs_contract": [
      "templates/iac/terraform/workspace_objects.tf"
    ],
    "outputs_contract": [
      "templates/ci-cd/databricks-cli-profile.example"
    ]
  },
  {
    "role_id": "17",
    "role_name": "Quality Assurance (Data & Code Tests)",
    "aliases": [
      "质量保证（数据/代码测试）"
    ],
    "file": "roles/17-quality-assurance-data-tests.md",
    "depends_on": [
      "Data Contract Owner",
      "Data Engineering Lead",
      "Analytics Engineer (BI/SQL)"
    ],
    "handoff_to": [
      "Release & Change Manager",
      "Support & Incident Manager"
    ],
    "inputs_contract": [
      "templates/code/notebooks/expectations_dq.py"
    ],
    "outputs_contract": [
      "templates/data/audit_log.csv"
    ]
  },
  {
    "role_id": "18",
    "role_name": "Support & Incident Manager",
    "aliases": [
      "支持与事件经理"
    ],
    "file": "roles/18-support-incident-manager.md",
    "depends_on": [
      "Observability & Reliability",
      "DataOps / SRE"
    ],
    "handoff_to": [
      "All Roles"
    ],
    "inputs_contract": [
      "templates/data/incidents.csv",
      "templates/monitoring/lakehouse-monitoring.yaml"
    ],
    "outputs_contract": [
      "templates/docs/postmortem-report.md"
    ]
  }
]