[
  {
    "role_id": "01",
    "role_name": "Program Owner",
    "aliases": [
      "项目负责人",
      "PO"
    ],
    "file": "roles/01-program-owner.md",
    "depends_on": [],
    "handoff_to": [
      "Brand Strategy Director",
      "Finance & Budget Controller",
      "Data & Analytics",
      "Marketing Ops & Automation"
    ],
    "inputs_contract": [
      "templates/docs/kpi-dictionary.md",
      "templates/docs/risk-register.md"
    ],
    "outputs_contract": [
      "templates/docs/runbook.md",
      "templates/docs/brand-brief.md"
    ]
  },
  {
    "role_id": "02",
    "role_name": "Brand Strategy Director",
    "aliases": [
      "品牌策略总监"
    ],
    "file": "roles/02-brand-strategy-director.md",
    "depends_on": [
      "Program Owner",
      "Finance & Budget Controller",
      "Data & Analytics"
    ],
    "handoff_to": [
      "Creative Director",
      "Performance Marketing Lead",
      "SEO/SEM Specialist",
      "Social & Community Manager",
      "PR & Influencer Manager",
      "Retail Activation Manager",
      "Events & Trunkshow Manager"
    ],
    "inputs_contract": [
      "templates/docs/brand-brief.md",
      "templates/docs/kpi-dictionary.md"
    ],
    "outputs_contract": [
      "templates/docs/campaign-brief.md",
      "templates/docs/pricing-promo-policy.md"
    ]
  },
  {
    "role_id": "03",
    "role_name": "Creative Director",
    "aliases": [
      "创意总监"
    ],
    "file": "roles/03-creative-director.md",
    "depends_on": [
      "Brand Strategy Director",
      "Legal & Advertising Compliance"
    ],
    "handoff_to": [
      "Content Production Lead",
      "Copy & Localization",
      "E-commerce Merchandising"
    ],
    "inputs_contract": [
      "templates/docs/campaign-brief.md",
      "templates/docs/asset-spec-sheet.md"
    ],
    "outputs_contract": [
      "templates/docs/creative-brief.md",
      "templates/docs/photo-video-shotlist.md"
    ]
  },
  {
    "role_id": "04",
    "role_name": "Content Production Lead",
    "aliases": [
      "内容产制负责人"
    ],
    "file": "roles/04-content-production-lead.md",
    "depends_on": [
      "Creative Director"
    ],
    "handoff_to": [
      "E-commerce Merchandising",
      "Social & Community Manager",
      "Retail Activation Manager",
      "Events & Trunkshow Manager"
    ],
    "inputs_contract": [
      "templates/docs/creative-brief.md",
      "templates/docs/photo-video-shotlist.md"
    ],
    "outputs_contract": [
      "templates/docs/content-calendar.md",
      "templates/data/creatives.csv"
    ]
  },
  {
    "role_id": "05",
    "role_name": "Copy & Localization",
    "aliases": [
      "文案与本地化"
    ],
    "file": "roles/05-copy-localization.md",
    "depends_on": [
      "Creative Director",
      "Brand Strategy Director"
    ],
    "handoff_to": [
      "E-commerce Merchandising",
      "SEO/SEM Specialist",
      "CRM & Loyalty Manager"
    ],
    "inputs_contract": [
      "templates/docs/creative-brief.md"
    ],
    "outputs_contract": [
      "templates/docs/landing-page-brief.md",
      "templates/docs/email-sequence.md",
      "templates/docs/sms-templates.md"
    ]
  },
  {
    "role_id": "06",
    "role_name": "Performance Marketing Lead",
    "aliases": [
      "效果广告负责人",
      "投放负责人"
    ],
    "file": "roles/06-performance-marketing-lead.md",
    "depends_on": [
      "Brand Strategy Director",
      "Creative Director",
      "Marketing Ops & Automation"
    ],
    "handoff_to": [
      "Data & Analytics",
      "CRM & Loyalty Manager",
      "E-commerce Merchandising"
    ],
    "inputs_contract": [
      "templates/docs/campaign-brief.md",
      "templates/docs/media-plan.md",
      "templates/docs/utm-governance.md"
    ],
    "outputs_contract": [
      "templates/data/adgroups.csv",
      "templates/data/creatives.csv",
      "templates/docs/qa-checklist-channel.md",
      "templates/docs/postmortem-report.md"
    ]
  },
  {
    "role_id": "07",
    "role_name": "SEO/SEM Specialist",
    "aliases": [
      "SEO/SEM 专家"
    ],
    "file": "roles/07-seo-sem-specialist.md",
    "depends_on": [
      "Brand Strategy Director",
      "Creative Director",
      "Marketing Ops & Automation"
    ],
    "handoff_to": [
      "E-commerce Merchandising",
      "Data & Analytics"
    ],
    "inputs_contract": [
      "templates/docs/landing-page-brief.md",
      "templates/docs/campaign-brief.md",
      "templates/docs/utm-governance.md"
    ],
    "outputs_contract": [
      "templates/docs/qa-checklist-channel.md",
      "templates/data/utm_map.csv"
    ]
  },
  {
    "role_id": "08",
    "role_name": "Social & Community Manager",
    "aliases": [
      "社媒与社区经理"
    ],
    "file": "roles/08-social-community-manager.md",
    "depends_on": [
      "Brand Strategy Director",
      "Content Production Lead"
    ],
    "handoff_to": [
      "PR & Influencer Manager",
      "Performance Marketing Lead",
      "Customer Support?"
    ],
    "inputs_contract": [
      "templates/docs/content-calendar.md"
    ],
    "outputs_contract": [
      "templates/docs/social-post-kit.md",
      "templates/data/content_calendar.csv"
    ]
  },
  {
    "role_id": "09",
    "role_name": "PR & Influencer Manager",
    "aliases": [
      "PR 与达人合作"
    ],
    "file": "roles/09-pr-influencer-manager.md",
    "depends_on": [
      "Brand Strategy Director",
      "Creative Director",
      "Legal & Advertising Compliance"
    ],
    "handoff_to": [
      "Social & Community Manager",
      "E-commerce Merchandising",
      "Legal & Advertising Compliance"
    ],
    "inputs_contract": [
      "templates/docs/campaign-brief.md"
    ],
    "outputs_contract": [
      "templates/docs/influencer-contract.md",
      "templates/docs/pr-press-release.md",
      "templates/data/influencers.csv"
    ]
  },
  {
    "role_id": "10",
    "role_name": "CRM & Loyalty Manager",
    "aliases": [
      "CRM 与会员运营"
    ],
    "file": "roles/10-crm-loyalty-manager.md",
    "depends_on": [
      "Data & Analytics",
      "E-commerce Merchandising"
    ],
    "handoff_to": [
      "Finance & Budget Controller",
      "Sales Enablement & Training"
    ],
    "inputs_contract": [
      "templates/docs/email-sequence.md",
      "templates/data/customers.csv"
    ],
    "outputs_contract": [
      "templates/data/email_list.csv",
      "templates/data/segments.csv",
      "templates/data/loyalty_rules.csv"
    ]
  },
  {
    "role_id": "11",
    "role_name": "E-commerce Merchandising",
    "aliases": [
      "电商商品运营"
    ],
    "file": "roles/11-ecommerce-merchandising.md",
    "depends_on": [
      "Content Production Lead",
      "SEO/SEM Specialist"
    ],
    "handoff_to": [
      "Performance Marketing Lead",
      "CRM & Loyalty Manager",
      "Data & Analytics"
    ],
    "inputs_contract": [
      "templates/docs/product-info-file.md",
      "templates/docs/size-fit-guide.md"
    ],
    "outputs_contract": [
      "templates/data/skus.csv",
      "templates/data/prices.csv",
      "templates/docs/landing-page-brief.md"
    ]
  },
  {
    "role_id": "12",
    "role_name": "Retail Activation Manager",
    "aliases": [
      "零售动销经理"
    ],
    "file": "roles/12-retail-activation-manager.md",
    "depends_on": [
      "Brand Strategy Director",
      "Content Production Lead"
    ],
    "handoff_to": [
      "Sales Enablement & Training",
      "Finance & Budget Controller"
    ],
    "inputs_contract": [
      "templates/docs/brand-brief.md",
      "templates/docs/campaign-brief.md"
    ],
    "outputs_contract": [
      "templates/docs/retail-window-planogram.md",
      "templates/data/retail_stores.csv"
    ]
  },
  {
    "role_id": "13",
    "role_name": "Events & Trunkshow Manager",
    "aliases": [
      "线下活动/巡展经理"
    ],
    "file": "roles/13-events-trunkshow-manager.md",
    "depends_on": [
      "Brand Strategy Director",
      "Retail Activation Manager"
    ],
    "handoff_to": [
      "PR & Influencer Manager",
      "Finance & Budget Controller",
      "Data & Analytics"
    ],
    "inputs_contract": [
      "templates/docs/campaign-brief.md"
    ],
    "outputs_contract": [
      "templates/docs/event-ros.md",
      "templates/docs/postmortem-report.md",
      "templates/data/events.csv"
    ]
  },
  {
    "role_id": "14",
    "role_name": "Sales Enablement & Training",
    "aliases": [
      "销售赋能与培训"
    ],
    "file": "roles/14-sales-enablement-training.md",
    "depends_on": [
      "Brand Strategy Director",
      "Retail Activation Manager",
      "E-commerce Merchandising"
    ],
    "handoff_to": [
      "Retail Activation Manager",
      "E-commerce Merchandising"
    ],
    "inputs_contract": [
      "templates/docs/brand-brief.md",
      "templates/docs/product-info-file.md"
    ],
    "outputs_contract": [
      "templates/docs/training-deck-outline.md",
      "templates/data/training_records.csv"
    ]
  },
  {
    "role_id": "15",
    "role_name": "Data & Analytics",
    "aliases": [
      "数据与分析"
    ],
    "file": "roles/15-data-analytics.md",
    "depends_on": [
      "Marketing Ops & Automation",
      "All Roles"
    ],
    "handoff_to": [
      "Program Owner",
      "Brand Strategy Director",
      "Performance Marketing Lead",
      "Marketing Ops & Automation"
    ],
    "inputs_contract": [
      "templates/data/*.csv"
    ],
    "outputs_contract": [
      "templates/data/analytics_kpi.csv",
      "templates/docs/postmortem-report.md"
    ]
  },
  {
    "role_id": "16",
    "role_name": "Marketing Ops & Automation",
    "aliases": [
      "营销运营与自动化"
    ],
    "file": "roles/16-marketing-ops-automation.md",
    "depends_on": [
      "Program Owner",
      "Data & Analytics"
    ],
    "handoff_to": [
      "All Roles"
    ],
    "inputs_contract": [
      "templates/docs/utm-governance.md",
      "templates/data/*.csv"
    ],
    "outputs_contract": [
      "templates/docs/runbook.md",
      "templates/data/audit_log.csv"
    ]
  },
  {
    "role_id": "17",
    "role_name": "Legal & Advertising Compliance",
    "aliases": [
      "法务与广告合规"
    ],
    "file": "roles/17-legal-compliance-advertising.md",
    "depends_on": [
      "Brand Strategy Director",
      "Creative Director"
    ],
    "handoff_to": [
      "All Roles"
    ],
    "inputs_contract": [
      "templates/docs/campaign-brief.md"
    ],
    "outputs_contract": [
      "templates/docs/privacy-ad-policy-summary.md",
      "templates/docs/risk-register.md"
    ]
  },
  {
    "role_id": "18",
    "role_name": "Finance & Budget Controller",
    "aliases": [
      "财务与预算控制"
    ],
    "file": "roles/18-finance-budget-controller.md",
    "depends_on": [
      "Program Owner"
    ],
    "handoff_to": [
      "Program Owner",
      "Brand Strategy Director",
      "Performance Marketing Lead"
    ],
    "inputs_contract": [
      "templates/data/analytics_kpi.csv",
      "templates/docs/postmortem-report.md"
    ],
    "outputs_contract": [
      "templates/data/prices.csv",
      "templates/docs/pricing-promo-policy.md"
    ]
  }
]