Role,Capabilities
Program Owner,Strategy;KPIs;Risk;Budget
Brand Strategy Director,Positioning;Brief;Season Plan
Creative Director,Concept;Specs;Shotlist
Content Production Lead,Assets;Calendar;Delivery
Copy & Localization,LP;Email;SMS;Tone
Performance Marketing Lead,Media Plan;Ads;Optimize
SEO/SEM Specialist,Keywords;LP;Tracking
Social & Community Manager,Posts;Engagement;Community
PR & Influencer Manager,PR;Influencers;Contracts
CRM & Loyalty Manager,Segmentation;Flows;Loyalty
E-commerce Merchandising,PIF;SKU;Pricing
Retail Activation Manager,Windows;POS;Activation
Events & Trunkshow Manager,Run-of-show;Vendors;Recap
Sales Enablement & Training,Playbooks;Training
Data & Analytics,Dashboards;KPI;Insights
Marketing Ops & Automation,UTM;Pipelines;Runbook
Legal & Advertising Compliance,Review;Policy;Risk
Finance & Budget Controller,Budget;Pricing;ROI
