[
  {
    "role_id": "01",
    "role_name": "Laboratory Director",
    "file": "roles/01-laboratory-director.md"
  },
  {
    "role_id": "02",
    "role_name": "Principal Investigator (PI)",
    "file": "roles/02-principal-investigator.md"
  },
  {
    "role_id": "03",
    "role_name": "Lab Manager",
    "file": "roles/03-lab-manager.md"
  },
  {
    "role_id": "04",
    "role_name": "Biosafety Officer",
    "file": "roles/04-biosafety-officer.md"
  },
  {
    "role_id": "05",
    "role_name": "Quality Manager (QMS/GLP)",
    "file": "roles/05-quality-manager.md"
  },
  {
    "role_id": "06",
    "role_name": "Stem Cell Lead",
    "file": "roles/06-stem-cell-lead.md"
  },
  {
    "role_id": "07",
    "role_name": "Tissue Engineering Lead",
    "file": "roles/07-tissue-engineering-lead.md"
  },
  {
    "role_id": "08",
    "role_name": "Organoid Lead",
    "file": "roles/08-organoid-lead.md"
  },
  {
    "role_id": "09",
    "role_name": "Genomics/Sequencing Lead",
    "file": "roles/09-genomics-sequencing-lead.md"
  },
  {
    "role_id": "10",
    "role_name": "Imaging/Histology Lead",
    "file": "roles/10-imaging-histology-lead.md"
  },
  {
    "role_id": "11",
    "role_name": "Animal Facility Manager",
    "file": "roles/11-animal-facility-manager.md"
  },
  {
    "role_id": "12",
    "role_name": "Bioinformatics Lead",
    "file": "roles/12-bioinformatics-lead.md"
  },
  {
    "role_id": "13",
    "role_name": "Data Manager & LIMS Admin",
    "file": "roles/13-data-manager-lims-admin.md"
  },
  {
    "role_id": "14",
    "role_name": "Procurement & Inventory",
    "file": "roles/14-procurement-inventory.md"
  },
  {
    "role_id": "15",
    "role_name": "Equipment & Facilities Engineer",
    "file": "roles/15-equipment-facilities-engineer.md"
  },
  {
    "role_id": "16",
    "role_name": "Compliance & Ethics Coordinator",
    "file": "roles/16-compliance-ethics-coordinator.md"
  },
  {
    "role_id": "17",
    "role_name": "Training & Safety Officer",
    "file": "roles/17-training-safety-officer.md"
  },
  {
    "role_id": "18",
    "role_name": "Tech Transfer & IP Manager",
    "file": "roles/18-tech-transfer-ip-manager.md"
  }
]