Role,Capabilities
GP / Managing Partner,Thesis;Strategy;Risk
Fund COO & Operations,Ops;Data Room;Runbook
Investment Committee Chair,IC;Decisions;Closing Oversight
Deal Origination & Pipeline,Sourcing;Screening;NDA
Sector Research & Intelligence,Research;Refs;Competitors
Tech & Product Due Diligence,Tech DD;Product;Security
Financial Modeling & Valuation,Model;Sensitivity;Valuation
Legal & Compliance,Legal DD;MNPI;KYC/AML
ESG & Impact Lead,ESG Policy;Metrics
Transaction (Term Sheet & Execution),TS;SPA;Closing
Fundraising & LP Relations,Fundraise;LP DDQ
Investor Relations & Reporting,Updates;Calls;DPI/TVPI
Portfolio Ops & Value Creation,100D;Board;Monitoring
Talent & Recruiting (PortCos),ESOP;Hiring;OKR
Growth & GTM Advisor,GTM;OKR;Playbooks
Data & Analytics,KPI;Dashboards;Postmortem
Platform & Automation,Automation;Security;Audit
Risk & Audit,Risk;Valuation Policy;Barriers
