[
  {
    "role_id": "01",
    "role_name": "Program Owner",
    "aliases": [
      "项目负责人",
      "PO"
    ],
    "file": "roles/01-program-owner.md",
    "depends_on": [],
    "handoff_to": [
      "Academic & Training Director",
      "Compliance & Privacy",
      "Finance & Budget Controller",
      "Learning Analytics & Outcomes"
    ],
    "inputs_contract": [
      "templates/docs/kpi-dictionary.md",
      "templates/docs/risk-register.md"
    ],
    "outputs_contract": [
      "templates/docs/runbook.md",
      "templates/docs/program-brief.md"
    ]
  },
  {
    "role_id": "02",
    "role_name": "Academic & Training Director",
    "aliases": [
      "教务/培训总监"
    ],
    "file": "roles/02-academic-training-director.md",
    "depends_on": [
      "Program Owner"
    ],
    "handoff_to": [
      "Curriculum Architect",
      "Admissions & Enrollment",
      "Instructor Lead",
      "Quality & Pedagogy Research"
    ],
    "inputs_contract": [
      "templates/docs/program-brief.md"
    ],
    "outputs_contract": [
      "templates/docs/runbook.md",
      "templates/docs/needs-analysis.md"
    ]
  },
  {
    "role_id": "03",
    "role_name": "Curriculum Architect",
    "aliases": [
      "课程体系架构"
    ],
    "file": "roles/03-curriculum-architect.md",
    "depends_on": [
      "Academic & Training Director"
    ],
    "handoff_to": [
      "Instructional Designer",
      "Assessment & Accreditation Lead"
    ],
    "inputs_contract": [
      "templates/docs/needs-analysis.md"
    ],
    "outputs_contract": [
      "templates/docs/curriculum-map.md",
      "templates/docs/learning-outcomes.md"
    ]
  },
  {
    "role_id": "04",
    "role_name": "Instructional Designer",
    "aliases": [
      "教学设计"
    ],
    "file": "roles/04-instructional-designer.md",
    "depends_on": [
      "Curriculum Architect",
      "Academic & Training Director",
      "Accessibility & Inclusive Design"
    ],
    "handoff_to": [
      "Content Production & Media",
      "LMS Admin & Learning Tech",
      "Instructor Lead",
      "Assessment & Accreditation Lead",
      "Accessibility & Inclusive Design"
    ],
    "inputs_contract": [
      "templates/docs/needs-analysis.md",
      "templates/docs/curriculum-map.md",
      "templates/docs/learning-outcomes.md"
    ],
    "outputs_contract": [
      "templates/docs/syllabus.md",
      "templates/docs/lesson-plan.md",
      "templates/docs/activity-template.md",
      "templates/docs/assessment-blueprint.md"
    ]
  },
  {
    "role_id": "05",
    "role_name": "Content Production & Media",
    "aliases": [
      "内容制作/媒体"
    ],
    "file": "roles/05-content-production-media.md",
    "depends_on": [
      "Instructional Designer",
      "Accessibility & Inclusive Design"
    ],
    "handoff_to": [
      "LMS Admin & Learning Tech",
      "Instructor Lead",
      "Quality & Pedagogy Research"
    ],
    "inputs_contract": [
      "templates/docs/media-production-brief.md",
      "templates/docs/lesson-plan.md",
      "templates/docs/video-script.md"
    ],
    "outputs_contract": [
      "templates/docs/recording-checklist.md",
      "templates/data/resources.csv"
    ]
  },
  {
    "role_id": "06",
    "role_name": "Instructor Lead",
    "aliases": [
      "教师负责人"
    ],
    "file": "roles/06-instructor-lead.md",
    "depends_on": [
      "Instructional Designer",
      "Content Production & Media"
    ],
    "handoff_to": [
      "Student Success & Advising",
      "Proctoring & Exam Ops",
      "Support & Helpdesk"
    ],
    "inputs_contract": [
      "templates/docs/syllabus.md",
      "templates/docs/lesson-plan.md"
    ],
    "outputs_contract": [
      "templates/docs/instructor-guide.md",
      "templates/data/attendance.csv",
      "templates/data/grades.csv"
    ]
  },
  {
    "role_id": "07",
    "role_name": "Student Success & Advising",
    "aliases": [
      "学员成功/教务辅导"
    ],
    "file": "roles/07-student-success-advising.md",
    "depends_on": [
      "Admissions & Enrollment",
      "Instructor Lead"
    ],
    "handoff_to": [
      "Learning Analytics & Outcomes",
      "Support & Helpdesk"
    ],
    "inputs_contract": [
      "templates/docs/learner-handbook.md",
      "templates/data/rosters.csv"
    ],
    "outputs_contract": [
      "templates/docs/orientation-agenda.md",
      "templates/data/accommodations.csv",
      "templates/data/feedback.csv"
    ]
  },
  {
    "role_id": "08",
    "role_name": "Assessment & Accreditation Lead",
    "aliases": [
      "测评与认证负责人"
    ],
    "file": "roles/08-assessment-accreditation-lead.md",
    "depends_on": [
      "Curriculum Architect",
      "Instructional Designer"
    ],
    "handoff_to": [
      "Proctoring & Exam Ops",
      "Instructor Lead",
      "Learning Analytics & Outcomes"
    ],
    "inputs_contract": [
      "templates/docs/assessment-blueprint.md",
      "templates/docs/rubric.md"
    ],
    "outputs_contract": [
      "templates/docs/grading-policy.md",
      "templates/docs/academic-integrity-policy.md",
      "templates/data/items.csv"
    ]
  },
  {
    "role_id": "09",
    "role_name": "Admissions & Enrollment",
    "aliases": [
      "招生与入学"
    ],
    "file": "roles/09-admissions-enrollment.md",
    "depends_on": [
      "Academic & Training Director",
      "Program Owner"
    ],
    "handoff_to": [
      "Student Success & Advising",
      "LMS Admin & Learning Tech"
    ],
    "inputs_contract": [
      "templates/docs/admissions-policy.md"
    ],
    "outputs_contract": [
      "templates/docs/enrollment-流程说明.md",
      "templates/data/enrollments.csv"
    ]
  },
  {
    "role_id": "10",
    "role_name": "LMS Admin & Learning Tech",
    "aliases": [
      "LMS 管理/学习技术"
    ],
    "file": "roles/10-lms-admin-learning-tech.md",
    "depends_on": [
      "Instructional Designer",
      "Content Production & Media",
      "Admissions & Enrollment"
    ],
    "handoff_to": [
      "Learning Analytics & Outcomes",
      "Support & Helpdesk",
      "Quality & Pedagogy Research"
    ],
    "inputs_contract": [
      "templates/docs/syllabus.md",
      "templates/docs/lesson-plan.md",
      "templates/docs/lms-course-setup.md"
    ],
    "outputs_contract": [
      "templates/docs/lms-data-export.md",
      "templates/data/lms_logs.csv",
      "templates/data/rosters.csv"
    ]
  },
  {
    "role_id": "11",
    "role_name": "Accessibility & Inclusive Design",
    "aliases": [
      "无障碍/通用设计"
    ],
    "file": "roles/11-accessibility-inclusive-design.md",
    "depends_on": [
      "Instructional Designer",
      "Content Production & Media"
    ],
    "handoff_to": [
      "Quality & Pedagogy Research",
      "LMS Admin & Learning Tech"
    ],
    "inputs_contract": [
      "templates/docs/accessibility-checklist.md",
      "templates/docs/universal-design-guidelines.md"
    ],
    "outputs_contract": [
      "templates/docs/accessibility-checklist.md"
    ]
  },
  {
    "role_id": "12",
    "role_name": "Quality & Pedagogy Research",
    "aliases": [
      "教研与质量"
    ],
    "file": "roles/12-quality-pedagogy-research.md",
    "depends_on": [
      "Academic & Training Director",
      "Learning Analytics & Outcomes"
    ],
    "handoff_to": [
      "Academic & Training Director",
      "Program Owner"
    ],
    "inputs_contract": [
      "templates/docs/assessment-qa.md",
      "templates/docs/lms-qa.md"
    ],
    "outputs_contract": [
      "templates/docs/improvement-plan.md",
      "templates/data/kpi.csv"
    ]
  },
  {
    "role_id": "13",
    "role_name": "Proctoring & Exam Ops",
    "aliases": [
      "监考与考试运营"
    ],
    "file": "roles/13-proctoring-exam-ops.md",
    "depends_on": [
      "Assessment & Accreditation Lead",
      "Instructor Lead"
    ],
    "handoff_to": [
      "Quality & Pedagogy Research",
      "Learning Analytics & Outcomes"
    ],
    "inputs_contract": [
      "templates/docs/proctoring-protocol.md",
      "templates/docs/exam-instructions.md"
    ],
    "outputs_contract": [
      "templates/docs/exam-incident-report.md",
      "templates/data/incidents.csv",
      "templates/data/submissions.csv"
    ]
  },
  {
    "role_id": "14",
    "role_name": "Industry Partnerships & Capstone",
    "aliases": [
      "产学合作/实习与毕设"
    ],
    "file": "roles/14-industry-partnerships-capstone.md",
    "depends_on": [
      "Academic & Training Director",
      "Curriculum Architect"
    ],
    "handoff_to": [
      "Instructor Lead",
      "Learning Analytics & Outcomes",
      "Finance & Budget Controller"
    ],
    "inputs_contract": [
      "templates/docs/capstone-guide.md",
      "templates/docs/project-brief.md"
    ],
    "outputs_contract": [
      "templates/docs/internship-agreement.md",
      "templates/data/internships.csv",
      "templates/data/partnerships.csv"
    ]
  },
  {
    "role_id": "15",
    "role_name": "Learning Analytics & Outcomes",
    "aliases": [
      "学习数据与成效"
    ],
    "file": "roles/15-learning-analytics-outcomes.md",
    "depends_on": [
      "LMS Admin & Learning Tech",
      "Assessment & Accreditation Lead",
      "Student Success & Advising"
    ],
    "handoff_to": [
      "Program Owner",
      "Academic & Training Director",
      "Quality & Pedagogy Research"
    ],
    "inputs_contract": [
      "templates/data/grades.csv",
      "templates/data/evaluations.csv",
      "templates/data/lms_logs.csv"
    ],
    "outputs_contract": [
      "templates/docs/postmortem-report.md",
      "templates/data/kpi.csv"
    ]
  },
  {
    "role_id": "16",
    "role_name": "Support & Helpdesk",
    "aliases": [
      "支持与服务台"
    ],
    "file": "roles/16-support-helpdesk.md",
    "depends_on": [
      "LMS Admin & Learning Tech",
      "Instructor Lead",
      "Student Success & Advising"
    ],
    "handoff_to": [
      "Academic & Training Director",
      "LMS Admin & Learning Tech"
    ],
    "inputs_contract": [
      "templates/docs/runbook.md"
    ],
    "outputs_contract": [
      "templates/data/incidents.csv",
      "templates/data/resources.csv"
    ]
  },
  {
    "role_id": "17",
    "role_name": "Compliance & Privacy",
    "aliases": [
      "合规与隐私"
    ],
    "file": "roles/17-compliance-privacy.md",
    "depends_on": [
      "Program Owner",
      "Academic & Training Director"
    ],
    "handoff_to": [
      "All Roles"
    ],
    "inputs_contract": [
      "templates/docs/privacy-ferpa-gdpr.md"
    ],
    "outputs_contract": [
      "templates/docs/privacy-ferpa-gdpr.md",
      "templates/data/audit_log.csv"
    ]
  },
  {
    "role_id": "18",
    "role_name": "Finance & Budget Controller",
    "aliases": [
      "财务与预算控制"
    ],
    "file": "roles/18-finance-budget-controller.md",
    "depends_on": [
      "Program Owner",
      "Academic & Training Director",
      "Learning Analytics & Outcomes"
    ],
    "handoff_to": [
      "Academic & Training Director",
      "Program Owner"
    ],
    "inputs_contract": [
      "templates/data/kpi.csv",
      "templates/docs/postmortem-report.md"
    ],
    "outputs_contract": [
      "templates/docs/improvement-plan.md"
    ]
  }
]