Role,Capabilities
Program Owner,Strategy;KPIs;Risk;Budget
Academic & Training Director,Runbook;Faculty;Policy
Curriculum Architect,Curriculum Map;Outcomes
Instructional Designer,Syllabus;Lessons;Blueprint
Content Production & Media,Media;Assets;Resources
Instructor Lead,Delivery;Attendance;Grades
Student Success & Advising,Orientation;Advising;Support
Assessment & Accreditation Lead,Rubrics;Policy;Standards
Admissions & Enrollment,Admissions;Enrollment;Rosters
LMS Admin & Learning Tech,Course Setup;Tracking;Export
Accessibility & Inclusive Design,WCAG;UDL;Review
Quality & Pedagogy Research,QA;Research;Improve
Proctoring & Exam Ops,Proctoring;Incidents;Submissions
Industry Partnerships & Capstone,Capstone;Internship;Partners
Learning Analytics & Outcomes,Dashboards;KPI;Insights
Support & Helpdesk,Tickets;Incidents;Runbook
Compliance & Privacy,FERPA/GDPR;Policy;Audit
Finance & Budget Controller,Budget;ROI;Planning
