[
  {
    "role_id": "01",
    "role_name": "HR Director",
    "file": "roles/01-hr-director.md"
  },
  {
    "role_id": "02",
    "role_name": "Head of Talent Acquisition",
    "file": "roles/02-head-talent-acquisition.md"
  },
  {
    "role_id": "03",
    "role_name": "Employer Branding Lead",
    "file": "roles/03-employer-branding-lead.md"
  },
  {
    "role_id": "04",
    "role_name": "Sourcing Lead",
    "file": "roles/04-sourcing-lead.md"
  },
  {
    "role_id": "05",
    "role_name": "Recruiter / Account Recruiter",
    "file": "roles/05-recruiter.md"
  },
  {
    "role_id": "06",
    "role_name": "Interview & Scheduling Coordinator",
    "file": "roles/06-interview-scheduling-coordinator.md"
  },
  {
    "role_id": "07",
    "role_name": "Assessment Specialist",
    "file": "roles/07-assessment-specialist.md"
  },
  {
    "role_id": "08",
    "role_name": "L&D Manager",
    "file": "roles/08-ld-manager.md"
  },
  {
    "role_id": "09",
    "role_name": "Curriculum Designer",
    "file": "roles/09-curriculum-designer.md"
  },
  {
    "role_id": "10",
    "role_name": "Trainer / Coach",
    "file": "roles/10-trainer-coach.md"
  },
  {
    "role_id": "11",
    "role_name": "Onboarding Manager",
    "file": "roles/11-onboarding-manager.md"
  },
  {
    "role_id": "12",
    "role_name": "Workforce Planner",
    "file": "roles/12-workforce-planner.md"
  },
  {
    "role_id": "13",
    "role_name": "Client Engagement Manager",
    "file": "roles/13-client-engagement-manager.md"
  },
  {
    "role_id": "14",
    "role_name": "Staffing/Dispatch Coordinator",
    "file": "roles/14-staffing-dispatch-coordinator.md"
  },
  {
    "role_id": "15",
    "role_name": "Compliance & Legal",
    "file": "roles/15-compliance-legal.md"
  },
  {
    "role_id": "16",
    "role_name": "HRIS & Analytics",
    "file": "roles/16-hris-analytics.md"
  },
  {
    "role_id": "17",
    "role_name": "Finance & Payroll",
    "file": "roles/17-finance-payroll.md"
  },
  {
    "role_id": "18",
    "role_name": "Employee Relations / Support",
    "file": "roles/18-employee-relations-support.md"
  }
]