[
  {
    "role_id": "01",
    "role_name": "Operations Director",
    "file": "roles/01-operations-director.md"
  },
  {
    "role_id": "02",
    "role_name": "Sales & Account Manager",
    "file": "roles/02-sales-account-manager.md"
  },
  {
    "role_id": "03",
    "role_name": "Itinerary Designer / Product Lead",
    "file": "roles/03-itinerary-designer.md"
  },
  {
    "role_id": "04",
    "role_name": "Hotel Contracting Manager",
    "file": "roles/04-hotel-contracting-manager.md"
  },
  {
    "role_id": "05",
    "role_name": "Transport & Logistics Coordinator",
    "file": "roles/05-transport-logistics-coordinator.md"
  },
  {
    "role_id": "06",
    "role_name": "Guide/Leader Manager",
    "file": "roles/06-guide-leader-manager.md"
  },
  {
    "role_id": "07",
    "role_name": "On-site Ops Lead",
    "file": "roles/07-onsite-ops-lead.md"
  },
  {
    "role_id": "08",
    "role_name": "Customer Service / Care Lead",
    "file": "roles/08-customer-service-lead.md"
  },
  {
    "role_id": "09",
    "role_name": "Visa & Insurance Specialist",
    "file": "roles/09-visa-insurance-specialist.md"
  },
  {
    "role_id": "10",
    "role_name": "Risk & Safety Manager",
    "file": "roles/10-risk-safety-manager.md"
  },
  {
    "role_id": "11",
    "role_name": "Vendor & Procurement Manager",
    "file": "roles/11-vendor-procurement-manager.md"
  },
  {
    "role_id": "12",
    "role_name": "Finance & Billing",
    "file": "roles/12-finance-billing.md"
  },
  {
    "role_id": "13",
    "role_name": "Legal & Compliance",
    "file": "roles/13-legal-compliance.md"
  },
  {
    "role_id": "14",
    "role_name": "Tech & Systems (DMS/CRM)",
    "file": "roles/14-tech-systems-dms-crm.md"
  },
  {
    "role_id": "15",
    "role_name": "Quality Assurance",
    "file": "roles/15-quality-assurance.md"
  },
  {
    "role_id": "16",
    "role_name": "MICE / Events Manager",
    "file": "roles/16-mice-events-manager.md"
  },
  {
    "role_id": "17",
    "role_name": "Content & Branding",
    "file": "roles/17-content-branding.md"
  },
  {
    "role_id": "18",
    "role_name": "Data Analyst & Reporting",
    "file": "roles/18-data-analyst-reporting.md"
  }
]