[
  {
    "role_id": "01",
    "role_name": "Head of Academics / Dean",
    "file": "roles/01-head-academics.md"
  },
  {
    "role_id": "02",
    "role_name": "Academic Operations / Registrar",
    "file": "roles/02-academic-operations-registrar.md"
  },
  {
    "role_id": "03",
    "role_name": "Curriculum Director",
    "file": "roles/03-curriculum-director.md"
  },
  {
    "role_id": "04",
    "role_name": "Instructional Design Lead",
    "file": "roles/04-instructional-design-lead.md"
  },
  {
    "role_id": "05",
    "role_name": "Faculty Lead / Master Teacher",
    "file": "roles/05-faculty-lead.md"
  },
  {
    "role_id": "06",
    "role_name": "Assessment & QA Lead",
    "file": "roles/06-assessment-qa-lead.md"
  },
  {
    "role_id": "07",
    "role_name": "Learning Analytics & Data Lead",
    "file": "roles/07-learning-analytics-lead.md"
  },
  {
    "role_id": "08",
    "role_name": "LMS Administrator",
    "file": "roles/08-lms-administrator.md"
  },
  {
    "role_id": "09",
    "role_name": "Learner Success & Advising Lead",
    "file": "roles/09-learner-success-lead.md"
  },
  {
    "role_id": "10",
    "role_name": "Accessibility & Inclusion Officer",
    "file": "roles/10-accessibility-inclusion-officer.md"
  },
  {
    "role_id": "11",
    "role_name": "Admissions & Enrollment Manager",
    "file": "roles/11-admissions-enrollment-manager.md"
  },
  {
    "role_id": "12",
    "role_name": "Marketing & Community Lead",
    "file": "roles/12-marketing-community-lead.md"
  },
  {
    "role_id": "13",
    "role_name": "Partnerships & Employability Lead",
    "file": "roles/13-partnerships-employability-lead.md"
  },
  {
    "role_id": "14",
    "role_name": "Finance & Operations Manager",
    "file": "roles/14-finance-operations-manager.md"
  },
  {
    "role_id": "15",
    "role_name": "IT & Security / Privacy Officer",
    "file": "roles/15-it-security-privacy-officer.md"
  },
  {
    "role_id": "16",
    "role_name": "HR & Faculty Development",
    "file": "roles/16-hr-faculty-development.md"
  },
  {
    "role_id": "17",
    "role_name": "Content Production Lead",
    "file": "roles/17-content-production-lead.md"
  },
  {
    "role_id": "18",
    "role_name": "Compliance & Accreditation Liaison",
    "file": "roles/18-compliance-accreditation-liaison.md"
  }
]