[
  {
    "role_id": "01",
    "role_name": "Hospital Admin",
    "aliases": [
      "院方负责人",
      "PO"
    ],
    "file": "roles/01-hospital-admin.md",
    "depends_on": [],
    "handoff_to": [
      "Medical Director",
      "Clinic Ops Manager",
      "Compliance & Privacy (DPO)",
      "IT / EMR Platform"
    ],
    "inputs_contract": [
      "templates/docs/kpi-dictionary.md",
      "templates/docs/risk-register.md"
    ],
    "outputs_contract": [
      "docs/strategy.md",
      "docs/kpi-targets.md"
    ]
  },
  {
    "role_id": "02",
    "role_name": "Medical Director",
    "aliases": [
      "医疗总监"
    ],
    "file": "roles/02-medical-director.md",
    "depends_on": [
      "Hospital Admin"
    ],
    "handoff_to": [
      "Attending Physician",
      "Nursing Manager",
      "Quality & Safety Officer"
    ],
    "inputs_contract": [
      "docs/strategy.md"
    ],
    "outputs_contract": [
      "docs/clinical-guidance.md",
      "docs/incident-report.md"
    ]
  },
  {
    "role_id": "03",
    "role_name": "Clinic Ops Manager",
    "aliases": [
      "门诊运营经理",
      "运营经理"
    ],
    "file": "roles/03-clinic-ops-manager.md",
    "depends_on": [
      "Hospital Admin"
    ],
    "handoff_to": [
      "Front Desk / Registration",
      "Billing & Claims Lead",
      "Supply / Biomed / Inventory"
    ],
    "inputs_contract": [
      "docs/strategy.md"
    ],
    "outputs_contract": [
      "docs/schedule-roster.md",
      "docs/audit-log-spec.md"
    ]
  },
  {
    "role_id": "04",
    "role_name": "Front Desk / Registration",
    "aliases": [
      "挂号",
      "接待"
    ],
    "file": "roles/04-frontdesk-registration.md",
    "depends_on": [
      "Clinic Ops Manager"
    ],
    "handoff_to": [
      "Triage Nurse",
      "Billing & Claims Lead",
      "Compliance & Privacy (DPO)"
    ],
    "inputs_contract": [],
    "outputs_contract": [
      "docs/patient-intake.md",
      "data/master-patient-index.csv"
    ]
  },
  {
    "role_id": "05",
    "role_name": "Triage Nurse",
    "aliases": [
      "分诊护士"
    ],
    "file": "roles/05-triage-nurse.md",
    "depends_on": [
      "Front Desk / Registration"
    ],
    "handoff_to": [
      "Attending Physician"
    ],
    "inputs_contract": [
      "docs/patient-intake.md"
    ],
    "outputs_contract": [
      "docs/triage-form.md"
    ]
  },
  {
    "role_id": "06",
    "role_name": "Attending Physician",
    "aliases": [
      "主治医",
      "门诊医师"
    ],
    "file": "roles/06-attending-physician.md",
    "depends_on": [
      "Triage Nurse",
      "Front Desk / Registration"
    ],
    "handoff_to": [
      "Lab Services Lead",
      "Radiology / Imaging Lead",
      "Pharmacy Lead",
      "Care Coordinator",
      "Billing & Claims Lead"
    ],
    "inputs_contract": [
      "docs/patient-intake.md",
      "docs/triage-form.md"
    ],
    "outputs_contract": [
      "docs/soap-encounter.md",
      "docs/order-cpoe.md",
      "docs/referral-letter.md"
    ]
  },
  {
    "role_id": "07",
    "role_name": "Care Coordinator",
    "aliases": [
      "个案管理",
      "转介管理"
    ],
    "file": "roles/07-care-coordinator.md",
    "depends_on": [
      "Attending Physician"
    ],
    "handoff_to": [
      "Attending Physician",
      "External Providers"
    ],
    "inputs_contract": [
      "docs/referral-letter.md",
      "docs/discharge-summary.md"
    ],
    "outputs_contract": [
      "docs/referral-followup.md"
    ]
  },
  {
    "role_id": "08",
    "role_name": "Nursing Manager",
    "aliases": [
      "护理部",
      "护士长"
    ],
    "file": "roles/08-nursing-manager.md",
    "depends_on": [
      "Medical Director",
      "Attending Physician"
    ],
    "handoff_to": [
      "Pharmacy Lead",
      "Quality & Safety Officer",
      "Infection Control"
    ],
    "inputs_contract": [
      "docs/order-cpoe.md"
    ],
    "outputs_contract": [
      "docs/prescription.md"
    ]
  },
  {
    "role_id": "09",
    "role_name": "Lab Services Lead",
    "aliases": [
      "检验科负责人"
    ],
    "file": "roles/09-lab-services-lead.md",
    "depends_on": [
      "Attending Physician"
    ],
    "handoff_to": [
      "Attending Physician",
      "Billing & Claims Lead",
      "Quality & Safety Officer"
    ],
    "inputs_contract": [
      "docs/order-cpoe.md"
    ],
    "outputs_contract": [
      "docs/lab-request.md",
      "data/lab-results.csv"
    ]
  },
  {
    "role_id": "10",
    "role_name": "Radiology / Imaging Lead",
    "aliases": [
      "影像科负责人"
    ],
    "file": "roles/10-radiology-imaging-lead.md",
    "depends_on": [
      "Attending Physician"
    ],
    "handoff_to": [
      "Attending Physician",
      "Billing & Claims Lead",
      "Quality & Safety Officer"
    ],
    "inputs_contract": [
      "docs/order-cpoe.md"
    ],
    "outputs_contract": [
      "docs/imaging-request.md",
      "data/imaging-reports.csv"
    ]
  },
  {
    "role_id": "11",
    "role_name": "Pharmacy Lead",
    "aliases": [
      "药房",
      "药事"
    ],
    "file": "roles/11-pharmacy-lead.md",
    "depends_on": [
      "Attending Physician"
    ],
    "handoff_to": [
      "Nursing Manager",
      "Billing & Claims Lead"
    ],
    "inputs_contract": [
      "docs/order-cpoe.md",
      "docs/prescription.md"
    ],
    "outputs_contract": [
      "data/meds-dispense.csv"
    ]
  },
  {
    "role_id": "12",
    "role_name": "Billing & Claims Lead",
    "aliases": [
      "计费",
      "理赔"
    ],
    "file": "roles/12-billing-claims-lead.md",
    "depends_on": [
      "Attending Physician",
      "Pharmacy Lead",
      "Lab Services Lead",
      "Radiology / Imaging Lead"
    ],
    "handoff_to": [
      "Finance",
      "Compliance & Privacy (DPO)"
    ],
    "inputs_contract": [
      "docs/soap-encounter.md",
      "docs/icd-proc-coding.md",
      "data/meds-dispense.csv",
      "data/lab-results.csv",
      "data/imaging-reports.csv"
    ],
    "outputs_contract": [
      "docs/billing-claim.md",
      "data/billing-lines.csv"
    ]
  },
  {
    "role_id": "13",
    "role_name": "Quality & Safety Officer",
    "aliases": [
      "质控",
      "病患安全"
    ],
    "file": "roles/13-quality-safety-officer.md",
    "depends_on": [
      "Medical Director",
      "Clinic Ops Manager",
      "Attending Physician",
      "Nursing Manager"
    ],
    "handoff_to": [
      "Medical Director",
      "Infection Control",
      "All"
    ],
    "inputs_contract": [
      "docs/incident-report.md"
    ],
    "outputs_contract": [
      "docs/quality-audit.md"
    ]
  },
  {
    "role_id": "14",
    "role_name": "Infection Control",
    "aliases": [
      "感控",
      "IPC"
    ],
    "file": "roles/14-infection-control.md",
    "depends_on": [
      "Nursing Manager",
      "Lab Services Lead"
    ],
    "handoff_to": [
      "Quality & Safety Officer",
      "Medical Director",
      "All"
    ],
    "inputs_contract": [
      "docs/incident-report.md"
    ],
    "outputs_contract": [
      "docs/ipc-report.md"
    ]
  },
  {
    "role_id": "15",
    "role_name": "Compliance & Privacy (DPO)",
    "aliases": [
      "合规",
      "隐私",
      "DPO"
    ],
    "file": "roles/15-compliance-privacy.md",
    "depends_on": [
      "Hospital Admin",
      "IT / EMR Platform",
      "Billing & Claims Lead"
    ],
    "handoff_to": [
      "IT / EMR Platform",
      "All"
    ],
    "inputs_contract": [
      "docs/patient-intake.md",
      "data/*"
    ],
    "outputs_contract": [
      "docs/compliance-register.md",
      "docs/audit-log-spec.md"
    ]
  },
  {
    "role_id": "16",
    "role_name": "IT / EMR Platform",
    "aliases": [
      "信息科",
      "EMR平台"
    ],
    "file": "roles/16-it-emr-platform.md",
    "depends_on": [
      "Hospital Admin",
      "Clinic Ops Manager"
    ],
    "handoff_to": [
      "All"
    ],
    "inputs_contract": [
      "docs/*.md",
      "data/*.csv"
    ],
    "outputs_contract": [
      "docs/system-runbook.md",
      "docs/merge-report.md",
      "delivery/bundle.zip"
    ]
  },
  {
    "role_id": "17",
    "role_name": "Data & Outcomes Analytics",
    "aliases": [
      "数据",
      "疗效分析"
    ],
    "file": "roles/17-data-outcomes-analytics.md",
    "depends_on": [
      "IT / EMR Platform",
      "Billing & Claims Lead",
      "Medical Director"
    ],
    "handoff_to": [
      "Hospital Admin",
      "Medical Director"
    ],
    "inputs_contract": [
      "data/*.csv"
    ],
    "outputs_contract": [
      "docs/outcomes-dashboard.md"
    ]
  },
  {
    "role_id": "18",
    "role_name": "Supply / Biomed / Inventory",
    "aliases": [
      "物资",
      "器械",
      "库存"
    ],
    "file": "roles/18-supply-biomed-inventory.md",
    "depends_on": [
      "Clinic Ops Manager",
      "Pharmacy Lead",
      "Radiology / Imaging Lead"
    ],
    "handoff_to": [
      "Clinic Ops Manager",
      "Pharmacy Lead",
      "Radiology / Imaging Lead",
      "Nursing Manager"
    ],
    "inputs_contract": [
      "docs/inventory-sheet.md"
    ],
    "outputs_contract": [
      "data/inventory.csv"
    ]
  }
]