Role,Capabilities
Hospital Admin,Strategy;KPI;Risk;Budget
Medical Director,Clinical Governance;Guidelines;Incident Oversight
Clinic Ops Manager,Roster;Rooms;Queues;Audit
Front Desk / Registration,Intake;Consent;MRN
Triage Nurse,Triage;Vitals;Queueing
Attending Physician,Encounter;CPOE;Referral
Care Coordinator,Referral;Discharge;Follow-up
Nursing Manager,MAR;Education;Execution
Lab Services Lead,Lab Orders;Specimen;Results
Radiology / Imaging Lead,Imaging Orders;Acquisition;Reports
Pharmacy Lead,Prescription;Dispense;Inventory Link
Billing & Claims Lead,Coding;Claims;Billing Lines
Quality & Safety Officer,Audits;Incidents;CAPA
Infection Control,Surveillance;Outbreak;IPC Policy
Compliance & Privacy (DPO),Consent;Privacy;Audit Log
IT / EMR Platform,Integration;Runbook;Bundle
Data & Outcomes Analytics,Dashboards;OHDSI;Outcomes
Supply / Biomed / Inventory,Stock;Lot/Expiry;Maintenance
