[
  {
    "role_id": "01",
    "role_name": "Marketing Director",
    "file": "roles/01-marketing-director.md"
  },
  {
    "role_id": "02",
    "role_name": "Brand Manager",
    "file": "roles/02-brand-manager.md"
  },
  {
    "role_id": "03",
    "role_name": "Performance Marketing Lead",
    "file": "roles/03-performance-marketing-lead.md"
  },
  {
    "role_id": "04",
    "role_name": "Social & Influencer Manager",
    "file": "roles/04-social-influencer-manager.md"
  },
  {
    "role_id": "05",
    "role_name": "Creative Director",
    "file": "roles/05-creative-director.md"
  },
  {
    "role_id": "06",
    "role_name": "E-commerce Manager",
    "file": "roles/06-ecommerce-manager.md"
  },
  {
    "role_id": "07",
    "role_name": "CRM & Marketing Automation Lead",
    "file": "roles/07-crm-ma-lead.md"
  },
  {
    "role_id": "08",
    "role_name": "Retail Operations Manager",
    "file": "roles/08-retail-ops-manager.md"
  },
  {
    "role_id": "09",
    "role_name": "Visual Merchandising Manager",
    "file": "roles/09-visual-merchandising-manager.md"
  },
  {
    "role_id": "10",
    "role_name": "Stylist & Fitter Lead",
    "file": "roles/10-stylist-fitter-lead.md"
  },
  {
    "role_id": "11",
    "role_name": "Product & Assortment Manager",
    "file": "roles/11-product-assortment-manager.md"
  },
  {
    "role_id": "12",
    "role_name": "Sourcing & Fabric Manager",
    "file": "roles/12-sourcing-fabric-manager.md"
  },
  {
    "role_id": "13",
    "role_name": "Production & Tailoring Coordinator",
    "file": "roles/13-production-tailoring-coordinator.md"
  },
  {
    "role_id": "14",
    "role_name": "Quality & Alterations Manager",
    "file": "roles/14-quality-alterations-manager.md"
  },
  {
    "role_id": "15",
    "role_name": "Logistics & Fulfillment Manager",
    "file": "roles/15-logistics-fulfillment-manager.md"
  },
  {
    "role_id": "16",
    "role_name": "Customer Service Lead",
    "file": "roles/16-customer-service-lead.md"
  },
  {
    "role_id": "17",
    "role_name": "Data Analyst & BI Lead",
    "file": "roles/17-data-analyst-bi-lead.md"
  },
  {
    "role_id": "18",
    "role_name": "Finance & Pricing Manager",
    "file": "roles/18-finance-pricing-manager.md"
  }
]