Role,Capabilities
Business Owner,Strategy;Budget;KPIs;Risk
Client Partner,Account Plan;JD Intake;Assignment
Sales & BD,Pipeline;JD Intake;Invoice Prep
Workforce Planning,Forecast;Roster;Headcount Plan
TA Lead,TA Plan;Profile;Funnel
Sourcer,Search;Outreach;Intake
Recruiter,Screening;Interview;Offer Prep
Interview Ops,Scheduling;Kit;Feedback
L&D Director,Training Plan;Standards
Curriculum Designer,Curriculum;Rubric
Trainer / Coach,Delivery;Attendance;Assessment
HR Ops (Onboarding),Checklist;Accounts;Equipment
Dispatch Manager,Assignment;Roster;Client Comm
Compliance & Legal,Consent;Policy;Contract Review
Payroll & Timesheet,Timesheet;Invoice;Payroll
Engagement & Performance,ER;Performance Review
People Analytics,Dashboards;KPI Reports
HRIS Platform,Integration;Automation;Bundle
