[
  {
    "role_id": "01",
    "role_name": "Business Owner",
    "aliases": [
      "事业负责人",
      "PO"
    ],
    "file": "roles/01-business-owner.md",
    "depends_on": [],
    "handoff_to": [
      "Client Partner",
      "Workforce Planning",
      "HRIS Platform"
    ],
    "inputs_contract": [
      "templates/docs/kpi-dictionary.md",
      "templates/docs/risk-register.md"
    ],
    "outputs_contract": [
      "docs/strategy.md",
      "docs/kpi-targets.md"
    ]
  },
  {
    "role_id": "02",
    "role_name": "Client Partner",
    "aliases": [
      "客户合伙人",
      "大客户"
    ],
    "file": "roles/02-client-partner.md",
    "depends_on": [
      "Business Owner"
    ],
    "handoff_to": [
      "Sales & BD",
      "Dispatch Manager"
    ],
    "inputs_contract": [
      "docs/strategy.md"
    ],
    "outputs_contract": [
      "docs/jd-intake.md",
      "docs/account-plan.md"
    ]
  },
  {
    "role_id": "03",
    "role_name": "Sales & BD",
    "aliases": [
      "销售",
      "BD"
    ],
    "file": "roles/03-sales-bd.md",
    "depends_on": [
      "Client Partner"
    ],
    "handoff_to": [
      "TA Lead",
      "Business Owner"
    ],
    "inputs_contract": [
      "docs/account-plan.md"
    ],
    "outputs_contract": [
      "docs/jd-intake.md",
      "docs/invoice-pack.md"
    ]
  },
  {
    "role_id": "04",
    "role_name": "Workforce Planning",
    "aliases": [
      "人力规划"
    ],
    "file": "roles/04-workforce-planning.md",
    "depends_on": [
      "Business Owner",
      "People Analytics"
    ],
    "handoff_to": [
      "TA Lead",
      "L&D Director",
      "People Analytics"
    ],
    "inputs_contract": [
      "templates/data/dispatch-roster.csv",
      "templates/docs/kpi-dictionary.md"
    ],
    "outputs_contract": [
      "data/dispatch-roster.csv",
      "docs/headcount-plan.md"
    ]
  },
  {
    "role_id": "05",
    "role_name": "TA Lead",
    "aliases": [
      "招聘负责人"
    ],
    "file": "roles/05-ta-lead.md",
    "depends_on": [
      "Workforce Planning",
      "Client Partner"
    ],
    "handoff_to": [
      "Sourcer",
      "Recruiter",
      "Interview Ops"
    ],
    "inputs_contract": [
      "docs/jd-intake.md"
    ],
    "outputs_contract": [
      "docs/candidate-profile.md",
      "docs/ta-plan.md"
    ]
  },
  {
    "role_id": "06",
    "role_name": "Sourcer",
    "aliases": [
      "寻源"
    ],
    "file": "roles/06-sourcer.md",
    "depends_on": [
      "TA Lead"
    ],
    "handoff_to": [
      "Recruiter"
    ],
    "inputs_contract": [
      "docs/candidate-profile.md"
    ],
    "outputs_contract": [
      "data/candidate-intake.csv"
    ]
  },
  {
    "role_id": "07",
    "role_name": "Recruiter",
    "aliases": [
      "招聘专员"
    ],
    "file": "roles/07-recruiter.md",
    "depends_on": [
      "TA Lead",
      "Sourcer"
    ],
    "handoff_to": [
      "Interview Ops",
      "Compliance & Legal",
      "HR Ops (Onboarding)"
    ],
    "inputs_contract": [
      "docs/jd-intake.md",
      "data/candidate-intake.csv"
    ],
    "outputs_contract": [
      "docs/screening-scorecard.md",
      "data/interview-feedback.csv"
    ]
  },
  {
    "role_id": "08",
    "role_name": "Interview Ops",
    "aliases": [
      "面试运营",
      "排程"
    ],
    "file": "roles/08-interview-ops.md",
    "depends_on": [
      "Recruiter"
    ],
    "handoff_to": [
      "TA Lead",
      "Hiring Manager"
    ],
    "inputs_contract": [
      "docs/screening-scorecard.md"
    ],
    "outputs_contract": [
      "docs/interview-kit.md",
      "data/interview-schedule.csv"
    ]
  },
  {
    "role_id": "09",
    "role_name": "L&D Director",
    "aliases": [
      "培训负责人",
      "L&D"
    ],
    "file": "roles/09-ld-director.md",
    "depends_on": [
      "Business Owner",
      "Workforce Planning"
    ],
    "handoff_to": [
      "Curriculum Designer",
      "Trainer / Coach",
      "Engagement & Performance"
    ],
    "inputs_contract": [
      "docs/headcount-plan.md"
    ],
    "outputs_contract": [
      "docs/training-plan.md"
    ]
  },
  {
    "role_id": "10",
    "role_name": "Curriculum Designer",
    "aliases": [
      "课程设计"
    ],
    "file": "roles/10-curriculum-designer.md",
    "depends_on": [
      "L&D Director"
    ],
    "handoff_to": [
      "Trainer / Coach"
    ],
    "inputs_contract": [
      "docs/training-plan.md"
    ],
    "outputs_contract": [
      "docs/curriculum-outline.md",
      "docs/assessment-rubric.md"
    ]
  },
  {
    "role_id": "11",
    "role_name": "Trainer / Coach",
    "aliases": [
      "讲师",
      "教练"
    ],
    "file": "roles/11-trainer-coach.md",
    "depends_on": [
      "Curriculum Designer"
    ],
    "handoff_to": [
      "L&D Director",
      "Engagement & Performance"
    ],
    "inputs_contract": [
      "docs/curriculum-outline.md"
    ],
    "outputs_contract": [
      "data/training-attendance.csv",
      "docs/trainer-notes.md"
    ]
  },
  {
    "role_id": "12",
    "role_name": "HR Ops (Onboarding)",
    "aliases": [
      "人事运营",
      "入职"
    ],
    "file": "roles/12-hr-ops-onboarding.md",
    "depends_on": [
      "Recruiter",
      "Compliance & Legal"
    ],
    "handoff_to": [
      "Dispatch Manager",
      "Payroll & Timesheet",
      "HRIS Platform"
    ],
    "inputs_contract": [
      "docs/offer-note.md",
      "docs/compliance-register.md"
    ],
    "outputs_contract": [
      "docs/onboarding-checklist.md"
    ]
  },
  {
    "role_id": "13",
    "role_name": "Dispatch Manager",
    "aliases": [
      "派遣经理",
      "外派经理"
    ],
    "file": "roles/13-dispatch-manager.md",
    "depends_on": [
      "HR Ops (Onboarding)",
      "Client Partner"
    ],
    "handoff_to": [
      "Payroll & Timesheet",
      "Engagement & Performance",
      "Client Partner"
    ],
    "inputs_contract": [
      "docs/onboarding-checklist.md"
    ],
    "outputs_contract": [
      "docs/assignment-order.md",
      "data/dispatch-roster.csv"
    ]
  },
  {
    "role_id": "14",
    "role_name": "Compliance & Legal",
    "aliases": [
      "合规",
      "法务"
    ],
    "file": "roles/14-compliance-legal.md",
    "depends_on": [
      "Recruiter",
      "HRIS Platform"
    ],
    "handoff_to": [
      "HR Ops (Onboarding)",
      "Payroll & Timesheet"
    ],
    "inputs_contract": [
      "docs/jd-intake.md",
      "data/candidate-intake.csv"
    ],
    "outputs_contract": [
      "docs/compliance-register.md"
    ]
  },
  {
    "role_id": "15",
    "role_name": "Payroll & Timesheet",
    "aliases": [
      "薪酬",
      "工时"
    ],
    "file": "roles/15-payroll-timesheet.md",
    "depends_on": [
      "Dispatch Manager",
      "HR Ops (Onboarding)"
    ],
    "handoff_to": [
      "Finance",
      "Client Partner"
    ],
    "inputs_contract": [
      "data/dispatch-roster.csv",
      "docs/assignment-order.md"
    ],
    "outputs_contract": [
      "data/timesheet.csv",
      "data/invoice.csv"
    ]
  },
  {
    "role_id": "16",
    "role_name": "Engagement & Performance",
    "aliases": [
      "员工关系",
      "绩效"
    ],
    "file": "roles/16-engagement-performance.md",
    "depends_on": [
      "Dispatch Manager",
      "Trainer / Coach"
    ],
    "handoff_to": [
      "Business Owner",
      "People Analytics"
    ],
    "inputs_contract": [
      "data/training-attendance.csv"
    ],
    "outputs_contract": [
      "docs/performance-review.md"
    ]
  },
  {
    "role_id": "17",
    "role_name": "People Analytics",
    "aliases": [
      "数据分析",
      "HR Analytics"
    ],
    "file": "roles/17-people-analytics.md",
    "depends_on": [
      "HRIS Platform",
      "All"
    ],
    "handoff_to": [
      "Business Owner",
      "All"
    ],
    "inputs_contract": [
      "data/*.csv"
    ],
    "outputs_contract": [
      "docs/hr-analytics-report.md"
    ]
  },
  {
    "role_id": "18",
    "role_name": "HRIS Platform",
    "aliases": [
      "平台与自动化",
      "HRIS"
    ],
    "file": "roles/18-hris-platform.md",
    "depends_on": [
      "Business Owner"
    ],
    "handoff_to": [
      "All"
    ],
    "inputs_contract": [
      "docs/*.md",
      "data/*.csv"
    ],
    "outputs_contract": [
      "delivery/bundle.zip",
      "docs/merge-report.md"
    ]
  }
]