[
  {
    "role_id": "01",
    "role_name": "GP / Managing Partner",
    "aliases": [
      "管理合伙人",
      "GP"
    ],
    "file": "roles/01-gp-managing-partner.md",
    "depends_on": [],
    "handoff_to": [
      "Fund COO & Operations",
      "Investment Committee Chair",
      "Fundraising & LP Relations",
      "Risk & Audit"
    ],
    "inputs_contract": [
      "templates/docs/fund-thesis.md",
      "templates/docs/risk-register.md"
    ],
    "outputs_contract": [
      "templates/docs/runbook.md"
    ]
  },
  {
    "role_id": "02",
    "role_name": "Fund COO & Operations",
    "aliases": [
      "基金运营/COO"
    ],
    "file": "roles/02-fund-coo-operations.md",
    "depends_on": [
      "GP / Managing Partner"
    ],
    "handoff_to": [
      "Legal & Compliance",
      "Platform & Automation",
      "Investor Relations & Reporting",
      "Data & Analytics"
    ],
    "inputs_contract": [
      "templates/docs/runbook.md"
    ],
    "outputs_contract": [
      "templates/docs/data-room-index.md"
    ]
  },
  {
    "role_id": "03",
    "role_name": "Investment Committee Chair",
    "aliases": [
      "投委会主席",
      "IC Chair"
    ],
    "file": "roles/03-investment-committee-chair.md",
    "depends_on": [
      "GP / Managing Partner",
      "Financial Modeling & Valuation",
      "Legal & Compliance"
    ],
    "handoff_to": [
      "Transaction (Term Sheet & Execution)",
      "Investor Relations & Reporting"
    ],
    "inputs_contract": [
      "templates/docs/ic-memo.md"
    ],
    "outputs_contract": [
      "templates/docs/closing-checklist.md"
    ]
  },
  {
    "role_id": "04",
    "role_name": "Deal Origination & Pipeline",
    "aliases": [
      "项目来源与管线"
    ],
    "file": "roles/04-deal-origination-pipeline.md",
    "depends_on": [
      "GP / Managing Partner",
      "Sector Research & Intelligence"
    ],
    "handoff_to": [
      "Tech & Product Due Diligence",
      "Financial Modeling & Valuation",
      "ESG & Impact Lead"
    ],
    "inputs_contract": [
      "templates/docs/screening-onepager.md",
      "templates/docs/nda-template.md"
    ],
    "outputs_contract": [
      "templates/data/pipeline.csv",
      "templates/data/deals.csv"
    ]
  },
  {
    "role_id": "05",
    "role_name": "Sector Research & Intelligence",
    "aliases": [
      "行业研究与情报"
    ],
    "file": "roles/05-sector-research-intel.md",
    "depends_on": [
      "GP / Managing Partner"
    ],
    "handoff_to": [
      "Tech & Product Due Diligence",
      "Financial Modeling & Valuation",
      "ESG & Impact Lead"
    ],
    "inputs_contract": [
      "templates/docs/product-teardown.md",
      "templates/docs/customer-ref-call-script.md"
    ],
    "outputs_contract": [
      "templates/data/competitors.csv"
    ]
  },
  {
    "role_id": "06",
    "role_name": "Tech & Product Due Diligence",
    "aliases": [
      "技术与产品尽调"
    ],
    "file": "roles/06-tech-product-due-diligence.md",
    "depends_on": [
      "Deal Origination & Pipeline",
      "Sector Research & Intelligence"
    ],
    "handoff_to": [
      "Investment Committee Chair",
      "Financial Modeling & Valuation",
      "Risk & Audit"
    ],
    "inputs_contract": [
      "templates/docs/dd-checklist-tech.md",
      "templates/docs/data-room-index.md"
    ],
    "outputs_contract": [
      "templates/data/dd_issues.csv"
    ]
  },
  {
    "role_id": "07",
    "role_name": "Financial Modeling & Valuation",
    "aliases": [
      "估值与财务建模"
    ],
    "file": "roles/07-financial-modeling-valuation.md",
    "depends_on": [
      "Sector Research & Intelligence",
      "Tech & Product Due Diligence",
      "Deal Origination & Pipeline"
    ],
    "handoff_to": [
      "Investment Committee Chair",
      "Transaction (Term Sheet & Execution)",
      "Risk & Audit"
    ],
    "inputs_contract": [
      "templates/docs/unit-economics-model.md",
      "templates/data/deals.csv"
    ],
    "outputs_contract": [
      "templates/docs/valuation-methods-note.md",
      "templates/docs/cap-table-template.md",
      "templates/data/dd_issues.csv"
    ]
  },
  {
    "role_id": "08",
    "role_name": "Legal & Compliance",
    "aliases": [
      "法务与合规"
    ],
    "file": "roles/08-legal-compliance.md",
    "depends_on": [
      "Fund COO & Operations",
      "Investment Committee Chair"
    ],
    "handoff_to": [
      "Transaction (Term Sheet & Execution)",
      "Investor Relations & Reporting",
      "Risk & Audit"
    ],
    "inputs_contract": [
      "templates/docs/dd-checklist-legal.md",
      "templates/docs/compliance-policy-mnpi.md",
      "templates/docs/aml-kyc-policy.md"
    ],
    "outputs_contract": [
      "templates/docs/sha-spa-checklist.md"
    ]
  },
  {
    "role_id": "09",
    "role_name": "ESG & Impact Lead",
    "aliases": [
      "ESG 与影响力"
    ],
    "file": "roles/09-esg-impact-lead.md",
    "depends_on": [
      "Sector Research & Intelligence",
      "Tech & Product Due Diligence"
    ],
    "handoff_to": [
      "Investment Committee Chair",
      "Portfolio Ops & Value Creation"
    ],
    "inputs_contract": [
      "templates/docs/esg-policy.md"
    ],
    "outputs_contract": [
      "templates/data/esg_metrics.csv"
    ]
  },
  {
    "role_id": "10",
    "role_name": "Transaction (Term Sheet & Execution)",
    "aliases": [
      "交易条款与交割"
    ],
    "file": "roles/10-transaction-term-sheet-execution.md",
    "depends_on": [
      "Investment Committee Chair",
      "Legal & Compliance",
      "Financial Modeling & Valuation"
    ],
    "handoff_to": [
      "Portfolio Ops & Value Creation",
      "Investor Relations & Reporting"
    ],
    "inputs_contract": [
      "templates/docs/ic-memo.md",
      "templates/docs/valuation-methods-note.md",
      "templates/docs/sha-spa-checklist.md"
    ],
    "outputs_contract": [
      "templates/docs/term-sheet.md",
      "templates/docs/closing-checklist.md"
    ]
  },
  {
    "role_id": "11",
    "role_name": "Fundraising & LP Relations",
    "aliases": [
      "募资与 LP 关系"
    ],
    "file": "roles/11-fundraising-lp-relations.md",
    "depends_on": [
      "GP / Managing Partner",
      "Fund COO & Operations"
    ],
    "handoff_to": [
      "Investor Relations & Reporting",
      "Legal & Compliance"
    ],
    "inputs_contract": [
      "templates/docs/fundraising-plan.md",
      "templates/docs/ppm-summary.md",
      "templates/docs/lp-ddq.md"
    ],
    "outputs_contract": [
      "templates/data/lps.csv"
    ]
  },
  {
    "role_id": "12",
    "role_name": "Investor Relations & Reporting",
    "aliases": [
      "投资者关系与报告"
    ],
    "file": "roles/12-investor-relations-reporting.md",
    "depends_on": [
      "Fundraising & LP Relations",
      "Fund COO & Operations",
      "Data & Analytics"
    ],
    "handoff_to": [
      "Fundraising & LP Relations",
      "Finance?"
    ],
    "inputs_contract": [
      "templates/docs/lp-quarterly-update.md",
      "templates/data/fund_perf_kpi.csv"
    ],
    "outputs_contract": [
      "templates/docs/capital-call-notice.md",
      "templates/docs/distribution-notice.md"
    ]
  },
  {
    "role_id": "13",
    "role_name": "Portfolio Ops & Value Creation",
    "aliases": [
      "投后运营与价值创造"
    ],
    "file": "roles/13-portfolio-ops-value-creation.md",
    "depends_on": [
      "Transaction (Term Sheet & Execution)",
      "Investment Committee Chair"
    ],
    "handoff_to": [
      "Talent & Recruiting (PortCos)",
      "Growth & GTM Advisor",
      "Data & Analytics"
    ],
    "inputs_contract": [
      "templates/docs/100-day-plan.md",
      "templates/docs/monitoring-template.md"
    ],
    "outputs_contract": [
      "templates/data/portco_kpis.csv",
      "templates/docs/board-pack-template.md"
    ]
  },
  {
    "role_id": "14",
    "role_name": "Talent & Recruiting (PortCos)",
    "aliases": [
      "人才与招聘（被投）"
    ],
    "file": "roles/14-talent-recruiting-portcos.md",
    "depends_on": [
      "Portfolio Ops & Value Creation"
    ],
    "handoff_to": [
      "Growth & GTM Advisor",
      "Portfolio Ops & Value Creation"
    ],
    "inputs_contract": [
      "templates/docs/esop-plan-outline.md",
      "templates/docs/okr-template.md"
    ],
    "outputs_contract": [
      "templates/data/okrs.csv"
    ]
  },
  {
    "role_id": "15",
    "role_name": "Growth & GTM Advisor",
    "aliases": [
      "增长与 GTM 顾问"
    ],
    "file": "roles/15-growth-gtm-advisor.md",
    "depends_on": [
      "Portfolio Ops & Value Creation",
      "Talent & Recruiting (PortCos)"
    ],
    "handoff_to": [
      "Investor Relations & Reporting",
      "Data & Analytics"
    ],
    "inputs_contract": [
      "templates/docs/okr-template.md",
      "templates/docs/monitoring-template.md"
    ],
    "outputs_contract": [
      "templates/data/okrs.csv"
    ]
  },
  {
    "role_id": "16",
    "role_name": "Data & Analytics",
    "aliases": [
      "数据与分析"
    ],
    "file": "roles/16-data-analytics.md",
    "depends_on": [
      "Fund COO & Operations",
      "Investor Relations & Reporting",
      "Portfolio Ops & Value Creation"
    ],
    "handoff_to": [
      "GP / Managing Partner",
      "Investor Relations & Reporting",
      "Risk & Audit"
    ],
    "inputs_contract": [
      "templates/docs/kpi-dictionary.md",
      "templates/data/portco_kpis.csv",
      "templates/data/fund_perf_kpi.csv"
    ],
    "outputs_contract": [
      "templates/docs/postmortem-report.md"
    ]
  },
  {
    "role_id": "17",
    "role_name": "Platform & Automation",
    "aliases": [
      "平台与自动化"
    ],
    "file": "roles/17-platform-automation.md",
    "depends_on": [
      "Fund COO & Operations",
      "Data & Analytics"
    ],
    "handoff_to": [
      "All Roles"
    ],
    "inputs_contract": [
      "templates/docs/cybersecurity-playbook.md",
      "templates/docs/data-room-index.md"
    ],
    "outputs_contract": [
      "templates/data/audit_log.csv"
    ]
  },
  {
    "role_id": "18",
    "role_name": "Risk & Audit",
    "aliases": [
      "风险与稽核"
    ],
    "file": "roles/18-risk-audit.md",
    "depends_on": [
      "GP / Managing Partner",
      "Fund COO & Operations",
      "Financial Modeling & Valuation",
      "Legal & Compliance"
    ],
    "handoff_to": [
      "Investment Committee Chair",
      "Legal & Compliance",
      "Investor Relations & Reporting"
    ],
    "inputs_contract": [
      "templates/docs/valuation-policy.md",
      "templates/docs/mnpi-info-barrier.md"
    ],
    "outputs_contract": [
      "templates/docs/risk-register.md"
    ]
  }
]