[
  {
    "role_id": "01",
    "role_name": "Platform Owner",
    "aliases": [
      "平台负责人"
    ],
    "file": "roles/01-platform-owner.md",
    "depends_on": [],
    "handoff_to": [
      "Snowflake Architect",
      "Security & Governance (RBAC/Policy)",
      "FinOps Credit Optimizer",
      "DataOps / SRE"
    ],
    "inputs_contract": [
      "templates/docs/terraform-landing-zone.md",
      "templates/docs/warehouse-policy.md"
    ],
    "outputs_contract": [
      "templates/docs/runbook.md"
    ]
  },
  {
    "role_id": "02",
    "role_name": "Snowflake Architect",
    "aliases": [
      "Snowflake 架构师"
    ],
    "file": "roles/02-snowflake-architect.md",
    "depends_on": [
      "Platform Owner",
      "Product Manager",
      "Security & Governance (RBAC/Policy)"
    ],
    "handoff_to": [
      "Data Engineering Lead (ELT)",
      "Ingestion & Streaming Engineer (Snowpipe/Streams/Tasks)",
      "Analytics Engineer (BI/SQL)",
      "ML Engineer (Snowpark)",
      "Security & Governance (RBAC/Policy)"
    ],
    "inputs_contract": [
      "templates/docs/domain-data-map.md",
      "templates/docs/data-contract.md"
    ],
    "outputs_contract": [
      "templates/docs/snowflake-architecture.md",
      "templates/docs/database-schema-spec.md",
      "templates/docs/rbac-role-hierarchy.md"
    ]
  },
  {
    "role_id": "03",
    "role_name": "Product Manager",
    "aliases": [
      "产品经理"
    ],
    "file": "roles/03-product-manager.md",
    "depends_on": [
      "Business Analyst",
      "Platform Owner"
    ],
    "handoff_to": [
      "Business Analyst",
      "Data Contract Owner",
      "Snowflake Architect",
      "Release & Change Manager"
    ],
    "inputs_contract": [
      "templates/docs/domain-data-map.md"
    ],
    "outputs_contract": [
      "templates/docs/stream-task-design.md",
      "templates/data/jobs_tasks_schedule.csv"
    ]
  },
  {
    "role_id": "04",
    "role_name": "Business Analyst",
    "aliases": [
      "业务分析师"
    ],
    "file": "roles/04-business-analyst.md",
    "depends_on": [
      "Product Manager"
    ],
    "handoff_to": [
      "Data Contract Owner",
      "Snowflake Architect"
    ],
    "inputs_contract": [
      "templates/docs/domain-data-map.md"
    ],
    "outputs_contract": [
      "templates/docs/data-contract.md",
      "templates/docs/semantic-layer-views.md"
    ]
  },
  {
    "role_id": "05",
    "role_name": "Data Contract Owner",
    "aliases": [
      "数据契约负责人"
    ],
    "file": "roles/05-data-contract-owner.md",
    "depends_on": [
      "Business Analyst",
      "Product Manager"
    ],
    "handoff_to": [
      "Snowflake Architect",
      "Data Engineering Lead (ELT)",
      "Quality Assurance (Data & Code Tests)"
    ],
    "inputs_contract": [
      "templates/docs/data-contract.md",
      "templates/data/dq_rules.csv"
    ],
    "outputs_contract": [
      "templates/data/data_contracts.csv"
    ]
  },
  {
    "role_id": "06",
    "role_name": "Data Engineering Lead (ELT)",
    "aliases": [
      "数据工程负责人（ELT）"
    ],
    "file": "roles/06-data-engineering-lead.md",
    "depends_on": [
      "Snowflake Architect",
      "Data Contract Owner"
    ],
    "handoff_to": [
      "Ingestion & Streaming Engineer (Snowpipe/Streams/Tasks)",
      "Analytics Engineer (BI/SQL)",
      "DataOps / SRE",
      "Release & Change Manager"
    ],
    "inputs_contract": [
      "templates/docs/stage-and-fileformat-design.md",
      "templates/docs/database-schema-spec.md"
    ],
    "outputs_contract": [
      "templates/sql/05_stage_and_file_format.sql",
      "templates/docs/runbook.md"
    ]
  },
  {
    "role_id": "07",
    "role_name": "Ingestion & Streaming Engineer (Snowpipe/Streams/Tasks)",
    "aliases": [
      "摄取与流式工程师（Snowpipe/Streams/Tasks）"
    ],
    "file": "roles/07-ingestion-streaming-engineer.md",
    "depends_on": [
      "Snowflake Architect",
      "Data Engineering Lead (ELT)"
    ],
    "handoff_to": [
      "Observability & Reliability",
      "Analytics Engineer (BI/SQL)",
      "ML Engineer (Snowpark)"
    ],
    "inputs_contract": [
      "templates/docs/snowpipe-design.md",
      "templates/docs/stream-task-design.md"
    ],
    "outputs_contract": [
      "templates/sql/06_snowpipe.sql",
      "templates/sql/07_streams_tasks.sql"
    ]
  },
  {
    "role_id": "08",
    "role_name": "Analytics Engineer (BI/SQL)",
    "aliases": [
      "Analytics Engineer（BI/SQL）"
    ],
    "file": "roles/08-analytics-engineer-bisql.md",
    "depends_on": [
      "Snowflake Architect",
      "Data Contract Owner",
      "Data Engineering Lead (ELT)"
    ],
    "handoff_to": [
      "Release & Change Manager",
      "Quality Assurance (Data & Code Tests)"
    ],
    "inputs_contract": [
      "templates/docs/semantic-layer-views.md"
    ],
    "outputs_contract": [
      "templates/sql/09_semantic_views.sql"
    ]
  },
  {
    "role_id": "09",
    "role_name": "ML Engineer (Snowpark)",
    "aliases": [
      "ML 工程（Snowpark）"
    ],
    "file": "roles/09-ml-engineer-snowpark.md",
    "depends_on": [
      "Data Engineering Lead (ELT)",
      "Analytics Engineer (BI/SQL)"
    ],
    "handoff_to": [
      "Release & Change Manager",
      "Observability & Reliability"
    ],
    "inputs_contract": [
      "templates/docs/snowpark-ml-plan.md"
    ],
    "outputs_contract": [
      "templates/snowpark/sp_model_udf.py",
      "templates/docs/model-udf-card.md",
      "templates/snowpark/sp_batch_inference.sql"
    ]
  },
  {
    "role_id": "10",
    "role_name": "DataOps / SRE",
    "aliases": [
      "DataOps / SRE"
    ],
    "file": "roles/10-dataops-sre.md",
    "depends_on": [
      "Platform Owner",
      "Data Engineering Lead (ELT)"
    ],
    "handoff_to": [
      "Observability & Reliability",
      "Support & Incident Manager"
    ],
    "inputs_contract": [
      "templates/docs/rollback-backfill-playbook.md",
      "templates/docs/runbook.md"
    ],
    "outputs_contract": [
      "templates/data/incidents.csv"
    ]
  },
  {
    "role_id": "11",
    "role_name": "Security & Governance (RBAC/Policy)",
    "aliases": [
      "安全与治理（RBAC/策略）"
    ],
    "file": "roles/11-security-governance-rbac.md",
    "depends_on": [
      "Platform Owner",
      "Privacy & Compliance"
    ],
    "handoff_to": [
      "Release & Change Manager",
      "Data Engineering Lead (ELT)",
      "Analytics Engineer (BI/SQL)",
      "ML Engineer (Snowpark)"
    ],
    "inputs_contract": [
      "templates/docs/tag-classification-matrix.md",
      "templates/data/table_registry.csv"
    ],
    "outputs_contract": [
      "templates/docs/rbac-role-hierarchy.md",
      "templates/sql/10_masking_row_access.sql"
    ]
  },
  {
    "role_id": "12",
    "role_name": "Privacy & Compliance",
    "aliases": [
      "隐私与合规"
    ],
    "file": "roles/12-privacy-compliance.md",
    "depends_on": [
      "Security & Governance (RBAC/Policy)",
      "Product Manager"
    ],
    "handoff_to": [
      "Security & Governance (RBAC/Policy)",
      "Release & Change Manager"
    ],
    "inputs_contract": [
      "templates/docs/masking-policy.md"
    ],
    "outputs_contract": [
      "templates/sql/10_masking_row_access.sql"
    ]
  },
  {
    "role_id": "13",
    "role_name": "FinOps Credit Optimizer",
    "aliases": [
      "FinOps 信用优化"
    ],
    "file": "roles/13-finops-credit-optimizer.md",
    "depends_on": [
      "Platform Owner",
      "Product Manager"
    ],
    "handoff_to": [
      "Platform Owner",
      "Release & Change Manager"
    ],
    "inputs_contract": [
      "templates/data/credit_budgets.csv"
    ],
    "outputs_contract": [
      "templates/docs/warehouse-policy.md"
    ]
  },
  {
    "role_id": "14",
    "role_name": "Observability & Reliability",
    "aliases": [
      "可观测性与可靠性"
    ],
    "file": "roles/14-observability-reliability.md",
    "depends_on": [
      "DataOps / SRE",
      "Data Engineering Lead (ELT)",
      "Ingestion & Streaming Engineer (Snowpipe/Streams/Tasks)",
      "ML Engineer (Snowpark)"
    ],
    "handoff_to": [
      "Support & Incident Manager",
      "Platform Owner"
    ],
    "inputs_contract": [
      "templates/monitoring/account_usage_queries.sql"
    ],
    "outputs_contract": [
      "templates/docs/observability-slo.md"
    ]
  },
  {
    "role_id": "15",
    "role_name": "Release & Change Manager",
    "aliases": [
      "发布与变更管理"
    ],
    "file": "roles/15-release-change-manager.md",
    "depends_on": [
      "Data Engineering Lead (ELT)",
      "Analytics Engineer (BI/SQL)",
      "ML Engineer (Snowpark)",
      "Quality Assurance (Data & Code Tests)"
    ],
    "handoff_to": [
      "DevEx & Platform Automation",
      "Support & Incident Manager"
    ],
    "inputs_contract": [
      "templates/docs/ci-cd-guide.md"
    ],
    "outputs_contract": [
      "templates/ci-cd/github-actions-snowflake.yml"
    ]
  },
  {
    "role_id": "16",
    "role_name": "DevEx & Platform Automation",
    "aliases": [
      "DevEx 与平台自动化"
    ],
    "file": "roles/16-devex-platform-automation.md",
    "depends_on": [
      "Platform Owner",
      "Snowflake Architect",
      "Release & Change Manager"
    ],
    "handoff_to": [
      "All Roles"
    ],
    "inputs_contract": [
      "templates/iac/terraform/roles_databases.tf"
    ],
    "outputs_contract": [
      "templates/ci-cd/snowflake-cli.config.example"
    ]
  },
  {
    "role_id": "17",
    "role_name": "Quality Assurance (Data & Code Tests)",
    "aliases": [
      "质量保证（数据/代码测试）"
    ],
    "file": "roles/17-quality-assurance-data-tests.md",
    "depends_on": [
      "Data Contract Owner",
      "Data Engineering Lead (ELT)",
      "Analytics Engineer (BI/SQL)"
    ],
    "handoff_to": [
      "Release & Change Manager",
      "Support & Incident Manager"
    ],
    "inputs_contract": [
      "templates/docs/dq-strategy.md",
      "templates/data/dq_rules.csv"
    ],
    "outputs_contract": [
      "templates/data/audit_log.csv"
    ]
  },
  {
    "role_id": "18",
    "role_name": "Support & Incident Manager",
    "aliases": [
      "支持与事件经理"
    ],
    "file": "roles/18-support-incident-manager.md",
    "depends_on": [
      "Observability & Reliability",
      "DataOps / SRE"
    ],
    "handoff_to": [
      "All Roles"
    ],
    "inputs_contract": [
      "templates/data/incidents.csv",
      "templates/monitoring/account_usage_queries.sql"
    ],
    "outputs_contract": [
      "templates/docs/postmortem-report.md"
    ]
  }
]