Role,Capabilities
Platform Owner,Landing Zone;Warehouses;Policies;Runbook
Snowflake Architect,DB/Schema;RBAC;Dynamic Tables;Cost
Product Manager,Use Cases;Roadmap;Backlog
Business Analyst,Requirements;Data Contract
Data Contract Owner,Contracts;DQ Rules
Data Engineering Lead (ELT),Stage/FileFormat/Copy;ELT Standards
Ingestion & Streaming Engineer (Snowpipe/Streams/Tasks),Snowpipe;Streams;Tasks
Analytics Engineer (BI/SQL),Semantic Views;DT;Reports
ML Engineer (Snowpark),Features;UDF;Batch Inference
DataOps / SRE,Ops;Rollback;Backfill
Security & Governance (RBAC/Policy),Roles;Policies;Audit
Privacy & Compliance,PII;Retention;Legal
FinOps Credit Optimizer,Budgets;Warehouse Sizing;Optimization
Observability & Reliability,Account Usage;Alerts;SLO
Release & Change Manager,CI/CD;Change Control
DevEx & Platform Automation,Terraform;CLI;Templates
Quality Assurance (Data & Code Tests),DQ;Unit/Integration Tests
Support & Incident Manager,Incident;Postmortem
