[
  {
    "role_id": "01",
    "role_name": "Research Program Director / PI",
    "aliases": [
      "研究项目主任/首席研究员",
      "PI"
    ],
    "file": "roles/01-research-program-director-pi.md",
    "depends_on": [],
    "handoff_to": [
      "Research Program Manager",
      "Grants & Funding Strategy",
      "Finance & Budget Controller",
      "Quality Assurance (GLP/GCP)"
    ],
    "inputs_contract": [
      "templates/docs/project-charter.md",
      "templates/docs/risk-register.md",
      "templates/docs/kpi-dictionary.md"
    ],
    "outputs_contract": [
      "templates/docs/runbook.md"
    ]
  },
  {
    "role_id": "02",
    "role_name": "Research Program Manager",
    "aliases": [
      "研究项目经理",
      "RPM"
    ],
    "file": "roles/02-research-program-manager.md",
    "depends_on": [
      "Research Program Director / PI"
    ],
    "handoff_to": [
      "Lab Manager & Operations",
      "Procurement, Asset & Inventory",
      "Collaboration & Consortium Manager"
    ],
    "inputs_contract": [
      "templates/docs/project-charter.md"
    ],
    "outputs_contract": [
      "templates/data/workpackages.csv",
      "templates/docs/runbook.md"
    ]
  },
  {
    "role_id": "03",
    "role_name": "Grants & Funding Strategy",
    "aliases": [
      "资助与筹款策略"
    ],
    "file": "roles/03-grants-funding-strategy.md",
    "depends_on": [
      "Research Program Director / PI"
    ],
    "handoff_to": [
      "Finance & Budget Controller",
      "Publications & Open Science",
      "Intellectual Property & Tech Transfer"
    ],
    "inputs_contract": [
      "templates/docs/concept-note.md",
      "templates/docs/specific-aims.md"
    ],
    "outputs_contract": [
      "templates/docs/grant-proposal.md",
      "templates/docs/budget-justification.md",
      "templates/docs/biosketch.md"
    ]
  },
  {
    "role_id": "04",
    "role_name": "Study Design & Biostatistics",
    "aliases": [
      "研究设计与生物统计"
    ],
    "file": "roles/04-study-design-biostatistics.md",
    "depends_on": [
      "Research Program Director / PI",
      "Grants & Funding Strategy"
    ],
    "handoff_to": [
      "Ethics / IRB / HRPP",
      "Data Management & FAIR Lead",
      "Quality Assurance (GLP/GCP)"
    ],
    "inputs_contract": [
      "templates/docs/protocol-template.md",
      "templates/docs/sample-size-power-calc.md"
    ],
    "outputs_contract": [
      "templates/docs/sap-statistical-analysis-plan.md",
      "templates/docs/randomization-schedule.md",
      "templates/docs/blinding-log.md"
    ]
  },
  {
    "role_id": "05",
    "role_name": "Data Management & FAIR Lead",
    "aliases": [
      "数据管理与FAIR负责人"
    ],
    "file": "roles/05-data-management-fair-lead.md",
    "depends_on": [
      "Study Design & Biostatistics",
      "LIMS / ELN Admin",
      "Quality Assurance (GLP/GCP)"
    ],
    "handoff_to": [
      "Publications & Open Science",
      "Finance & Budget Controller",
      "Collaboration & Consortium Manager"
    ],
    "inputs_contract": [
      "templates/docs/data-management-plan.md",
      "templates/docs/metadata-schema.md",
      "templates/data/sample-manifest.csv"
    ],
    "outputs_contract": [
      "templates/docs/data-qc-checklist.md",
      "templates/docs/repository-deposit-checklist.md",
      "templates/data/data-dictionary.csv",
      "templates/data/access-permissions.csv"
    ]
  },
  {
    "role_id": "06",
    "role_name": "Lab Manager & Operations",
    "aliases": [
      "实验室经理与运营"
    ],
    "file": "roles/06-lab-manager-operations.md",
    "depends_on": [
      "Research Program Manager",
      "EHS & Chemical Safety"
    ],
    "handoff_to": [
      "LIMS / ELN Admin",
      "Quality Assurance (GLP/GCP)",
      "EHS & Chemical Safety"
    ],
    "inputs_contract": [
      "templates/docs/sop-lab-general.md",
      "templates/docs/sop-instrument.md"
    ],
    "outputs_contract": [
      "templates/docs/calibration-log-template.md",
      "templates/data/instrument-log.csv",
      "templates/data/calibration.csv"
    ]
  },
  {
    "role_id": "07",
    "role_name": "LIMS / ELN Admin",
    "aliases": [
      "LIMS/ELN 管理"
    ],
    "file": "roles/07-lims-eln-admin.md",
    "depends_on": [
      "Lab Manager & Operations",
      "Data Management & FAIR Lead"
    ],
    "handoff_to": [
      "Data Management & FAIR Lead",
      "Quality Assurance (GLP/GCP)"
    ],
    "inputs_contract": [
      "templates/docs/sample-manifest-guide.md",
      "templates/docs/codebook.md"
    ],
    "outputs_contract": [
      "templates/data/sample-manifest.csv",
      "templates/data/sample-metadata.csv"
    ]
  },
  {
    "role_id": "08",
    "role_name": "Quality Assurance (GLP/GCP)",
    "aliases": [
      "质量保证GLP/GCP"
    ],
    "file": "roles/08-quality-assurance-glp-gcp.md",
    "depends_on": [
      "Lab Manager & Operations",
      "Study Design & Biostatistics"
    ],
    "handoff_to": [
      "Publications & Open Science",
      "Research Program Director / PI"
    ],
    "inputs_contract": [
      "templates/docs/audit-plan-checklist.md",
      "templates/docs/deviation-nonconformance.md"
    ],
    "outputs_contract": [
      "templates/docs/corrective-preventive-action-capa.md",
      "templates/data/qc-flags.csv"
    ]
  },
  {
    "role_id": "09",
    "role_name": "Ethics / IRB / HRPP",
    "aliases": [
      "伦理/IRB/受试者保护"
    ],
    "file": "roles/09-ethics-irb-hrpp.md",
    "depends_on": [
      "Study Design & Biostatistics",
      "Data Management & FAIR Lead"
    ],
    "handoff_to": [
      "Publications & Open Science",
      "Quality Assurance (GLP/GCP)"
    ],
    "inputs_contract": [
      "templates/docs/protocol-template.md",
      "templates/docs/de-identification-plan.md"
    ],
    "outputs_contract": [
      "templates/docs/irb-application.md",
      "templates/docs/informed-consent-form.md",
      "templates/data/adverse-events.csv"
    ]
  },
  {
    "role_id": "10",
    "role_name": "Animal Care (IACUC) & Veterinary",
    "aliases": [
      "动物伦理IACUC/兽医"
    ],
    "file": "roles/10-animal-care-iacuc-vet.md",
    "depends_on": [
      "Study Design & Biostatistics",
      "Lab Manager & Operations"
    ],
    "handoff_to": [
      "Quality Assurance (GLP/GCP)",
      "Publications & Open Science"
    ],
    "inputs_contract": [
      "templates/docs/iacuc-protocol.md"
    ],
    "outputs_contract": [
      "templates/data/adverse-events.csv"
    ]
  },
  {
    "role_id": "11",
    "role_name": "Biosafety & Biosecurity (IBC/BSL)",
    "aliases": [
      "生物安全/生物保安 IBC/BSL"
    ],
    "file": "roles/11-biosafety-biosecurity-ibc-bsl.md",
    "depends_on": [
      "Lab Manager & Operations",
      "EHS & Chemical Safety"
    ],
    "handoff_to": [
      "EHS & Chemical Safety",
      "Quality Assurance (GLP/GCP)"
    ],
    "inputs_contract": [
      "templates/docs/biosafety-risk-assessment.md"
    ],
    "outputs_contract": [
      "templates/docs/biosafety-risk-assessment.md"
    ]
  },
  {
    "role_id": "12",
    "role_name": "EHS & Chemical Safety",
    "aliases": [
      "EHS 与化学安全"
    ],
    "file": "roles/12-ehs-chemical-safety.md",
    "depends_on": [
      "Lab Manager & Operations"
    ],
    "handoff_to": [
      "Lab Manager & Operations",
      "Biosafety & Biosecurity (IBC/BSL)"
    ],
    "inputs_contract": [
      "templates/docs/privacy-security-plan.md",
      "templates/docs/sop-lab-general.md"
    ],
    "outputs_contract": [
      "templates/data/audit_log.csv"
    ]
  },
  {
    "role_id": "13",
    "role_name": "Procurement, Asset & Inventory",
    "aliases": [
      "采购/资产/库存"
    ],
    "file": "roles/13-procurement-asset-inventory.md",
    "depends_on": [
      "Research Program Manager",
      "Lab Manager & Operations"
    ],
    "handoff_to": [
      "Lab Manager & Operations",
      "Finance & Budget Controller"
    ],
    "inputs_contract": [
      "templates/data/orders-procurement.csv"
    ],
    "outputs_contract": [
      "templates/data/materials-inventory.csv",
      "templates/data/chemical-inventory.csv",
      "templates/data/equipment-assets.csv"
    ]
  },
  {
    "role_id": "14",
    "role_name": "Intellectual Property & Tech Transfer",
    "aliases": [
      "知识产权与技术转化"
    ],
    "file": "roles/14-intellectual-property-tech-transfer.md",
    "depends_on": [
      "Publications & Open Science",
      "Grants & Funding Strategy"
    ],
    "handoff_to": [
      "Collaboration & Consortium Manager",
      "Research Program Director / PI"
    ],
    "inputs_contract": [
      "templates/docs/manuscript-template.md"
    ],
    "outputs_contract": [
      "templates/docs/invention-disclosure.md",
      "templates/docs/mta-material-transfer-agreement.md",
      "templates/docs/cda-nda.md"
    ]
  },
  {
    "role_id": "15",
    "role_name": "Publications & Open Science",
    "aliases": [
      "发表与开放科学"
    ],
    "file": "roles/15-publications-open-science.md",
    "depends_on": [
      "Data Management & FAIR Lead",
      "Ethics / IRB / HRPP",
      "Quality Assurance (GLP/GCP)"
    ],
    "handoff_to": [
      "Intellectual Property & Tech Transfer",
      "Research Program Director / PI"
    ],
    "inputs_contract": [
      "templates/docs/manuscript-template.md",
      "templates/docs/data-sharing-statement.md"
    ],
    "outputs_contract": [
      "templates/docs/preprint-cover-letter.md",
      "templates/docs/repository-deposit-checklist.md",
      "templates/data/manuscript-tracker.csv"
    ]
  },
  {
    "role_id": "16",
    "role_name": "Collaboration & Consortium Manager",
    "aliases": [
      "协作与联盟管理"
    ],
    "file": "roles/16-collaboration-consortium-manager.md",
    "depends_on": [
      "Research Program Director / PI",
      "Research Program Manager"
    ],
    "handoff_to": [
      "Publications & Open Science",
      "Data Management & FAIR Lead"
    ],
    "inputs_contract": [
      "templates/docs/collaboration-agreement.md"
    ],
    "outputs_contract": [
      "templates/data/access-permissions.csv"
    ]
  },
  {
    "role_id": "17",
    "role_name": "Finance & Budget Controller",
    "aliases": [
      "财务与预算控制"
    ],
    "file": "roles/17-finance-budget-controller.md",
    "depends_on": [
      "Grants & Funding Strategy",
      "Procurement, Asset & Inventory"
    ],
    "handoff_to": [
      "Research Program Director / PI",
      "Grants & Funding Strategy"
    ],
    "inputs_contract": [
      "templates/docs/budget-justification.md"
    ],
    "outputs_contract": [
      "templates/data/kpi.csv"
    ]
  },
  {
    "role_id": "18",
    "role_name": "Training & RCR Onboarding",
    "aliases": [
      "培训与科研诚信（RCR）入职"
    ],
    "file": "roles/18-training-rcr-onboarding.md",
    "depends_on": [
      "All Roles"
    ],
    "handoff_to": [
      "All Roles"
    ],
    "inputs_contract": [
      "templates/data/training-records.csv"
    ],
    "outputs_contract": [
      "templates/docs/runbook.md"
    ]
  }
]