Role,Capabilities
Research Program Director / PI,Vision;Risk;KPI;Runbook
Research Program Manager,Plan;WPs;Runbook
Grants & Funding Strategy,Aims;Proposal;Budget
Study Design & Biostatistics,Protocol;SAP;Randomization
Data Management & FAIR Lead,DMP;Metadata;QC;Deposit
Lab Manager & Operations,SOP;Calibration;Logistics
LIMS / ELN Admin,Sample Manifest;Metadata;ELN
Quality Assurance (GLP/GCP),Audit;Deviation;CAPA
Ethics / IRB / HRPP,IRB;Consent;AE/SAE
Animal Care (IACUC) & Veterinary,Protocol;Welfare;AE
Biosafety & Biosecurity (IBC/BSL),Risk Assessment;Containment
EHS & Chemical Safety,Safety;Waste;Emergency
"Procurement, Asset & Inventory",Orders;Assets;Chemicals
Intellectual Property & Tech Transfer,Disclosure;MTA;CDA
Publications & Open Science,Manuscript;Preprint;Sharing
Collaboration & Consortium Manager,Agreements;Access;Coordination
Finance & Budget Controller,Budget;KPI;Reporting
Training & RCR Onboarding,Orientation;RCR;Records
