[
  {
    "role_id": "01",
    "role_name": "Founder / CEO",
    "file": "roles/01-founder-ceo.md"
  },
  {
    "role_id": "02",
    "role_name": "COO / Head of Operations",
    "file": "roles/02-coo-ops.md"
  },
  {
    "role_id": "03",
    "role_name": "CTO / Head of Engineering",
    "file": "roles/03-cto-engineering.md"
  },
  {
    "role_id": "04",
    "role_name": "CPO / Head of Product",
    "file": "roles/04-cpo-product.md"
  },
  {
    "role_id": "05",
    "role_name": "Head of Design / UX",
    "file": "roles/05-head-design-ux.md"
  },
  {
    "role_id": "06",
    "role_name": "Head of Data / Analytics",
    "file": "roles/06-head-data-analytics.md"
  },
  {
    "role_id": "07",
    "role_name": "Head of Growth / Marketing",
    "file": "roles/07-head-growth-marketing.md"
  },
  {
    "role_id": "08",
    "role_name": "Head of Sales / RevOps",
    "file": "roles/08-head-sales-revops.md"
  },
  {
    "role_id": "09",
    "role_name": "Head of Customer Success",
    "file": "roles/09-head-customer-success.md"
  },
  {
    "role_id": "10",
    "role_name": "CFO / Finance & FP&A Lead",
    "file": "roles/10-cfo-fpa.md"
  },
  {
    "role_id": "11",
    "role_name": "Head of People & Talent",
    "file": "roles/11-head-people-talent.md"
  },
  {
    "role_id": "12",
    "role_name": "Legal & Compliance Lead",
    "file": "roles/12-legal-compliance.md"
  },
  {
    "role_id": "13",
    "role_name": "DevOps / SRE Lead",
    "file": "roles/13-devops-sre.md"
  },
  {
    "role_id": "14",
    "role_name": "Security & Privacy Officer",
    "file": "roles/14-security-privacy-officer.md"
  },
  {
    "role_id": "15",
    "role_name": "QA & Release Manager",
    "file": "roles/15-qa-release-manager.md"
  },
  {
    "role_id": "16",
    "role_name": "Partnerships & BD Lead",
    "file": "roles/16-partnerships-bd.md"
  },
  {
    "role_id": "17",
    "role_name": "Program / Project Manager (Agile)",
    "file": "roles/17-program-project-manager.md"
  },
  {
    "role_id": "18",
    "role_name": "Investor Relations & Board Ops",
    "file": "roles/18-investor-relations-board.md"
  }
]