Role,Capabilities
Design Principal,Strategy;KPIs;Risk;Client
Project Manager,Schedule;Comms;Transmittals
Lead Architect,Design Intent;Sheets;Coord
Urban & Site Planner,Survey;Analysis;Context
Concept Designer,Options;Narrative;Decisions
BIM Manager & Digital Delivery,BEP;CDE;Clash;Sheets
Computational Designer,Parametric;Energy;Daylight
Structural Coordination Lead,Criteria;Coord;Clash
MEP Coordination Lead,Criteria;Coord;Clash
Sustainability & Performance Lead,Envelope;Energy;Daylight
Code & Permitting Coordinator,Code Matrix;Permit
Cost & Quantity Surveying (CQS),Cost Plan;VE;BOQ
Specification Writer,Spec Outline;Sections
Visualization & XR Lead,Renders;XR;Reviews
Interior Design Lead,Finishes;Materials;Schedules
Construction Administration,RFI;Field Report;Punchlist
QA/QC & Risk Manager,Model QA;Drawing QA;Risk
Contracts & Legal Manager,Transmittals;Change Orders;ASIs
