[
  {
    "role_id": "01",
    "role_name": "Design Principal",
    "aliases": [
      "设计院负责人",
      "Principal"
    ],
    "file": "roles/01-design-principal.md",
    "depends_on": [],
    "handoff_to": [
      "Project Manager",
      "Contracts & Legal Manager",
      "QA/QC & Risk Manager"
    ],
    "inputs_contract": [
      "templates/docs/kpi-dictionary.md",
      "templates/docs/risk-register.md"
    ],
    "outputs_contract": [
      "templates/docs/runbook.md",
      "templates/docs/project-brief.md"
    ]
  },
  {
    "role_id": "02",
    "role_name": "Project Manager",
    "aliases": [
      "项目经理",
      "PM"
    ],
    "file": "roles/02-project-manager.md",
    "depends_on": [
      "Design Principal"
    ],
    "handoff_to": [
      "Lead Architect",
      "Construction Administration",
      "Contracts & Legal Manager"
    ],
    "inputs_contract": [
      "templates/docs/project-brief.md"
    ],
    "outputs_contract": [
      "templates/docs/transmittal.md",
      "templates/data/schedule_milestones.csv",
      "templates/docs/runbook.md"
    ]
  },
  {
    "role_id": "03",
    "role_name": "Lead Architect",
    "aliases": [
      "主创建筑师"
    ],
    "file": "roles/03-lead-architect.md",
    "depends_on": [
      "Project Manager"
    ],
    "handoff_to": [
      "BIM Manager & Digital Delivery",
      "Structural Coordination Lead",
      "MEP Coordination Lead",
      "Specification Writer",
      "Visualization & XR Lead",
      "Interior Design Lead",
      "Code & Permitting Coordinator",
      "Cost & Quantity Surveying (CQS)"
    ],
    "inputs_contract": [
      "templates/docs/project-brief.md",
      "templates/docs/site-analysis.md",
      "templates/docs/space-program.md"
    ],
    "outputs_contract": [
      "templates/docs/design-narrative.md",
      "templates/docs/drawing-index.md",
      "templates/docs/sheet-list.md"
    ]
  },
  {
    "role_id": "04",
    "role_name": "Urban & Site Planner",
    "aliases": [
      "城市与场地规划"
    ],
    "file": "roles/04-urban-site-planner.md",
    "depends_on": [
      "Project Manager"
    ],
    "handoff_to": [
      "Lead Architect",
      "Sustainability & Performance Lead"
    ],
    "inputs_contract": [
      "templates/docs/site-survey.md"
    ],
    "outputs_contract": [
      "templates/docs/site-analysis.md",
      "templates/data/stakeholders.csv"
    ]
  },
  {
    "role_id": "05",
    "role_name": "Concept Designer",
    "aliases": [
      "概念设计"
    ],
    "file": "roles/05-concept-designer.md",
    "depends_on": [
      "Lead Architect",
      "Urban & Site Planner"
    ],
    "handoff_to": [
      "Visualization & XR Lead",
      "Cost & Quantity Surveying (CQS)",
      "Lead Architect"
    ],
    "inputs_contract": [
      "templates/docs/client-requirements.md",
      "templates/docs/space-program.md"
    ],
    "outputs_contract": [
      "templates/docs/design-options.md",
      "templates/docs/decision-log.md"
    ]
  },
  {
    "role_id": "06",
    "role_name": "BIM Manager & Digital Delivery",
    "aliases": [
      "BIM 经理",
      "数字化交付"
    ],
    "file": "roles/06-bim-manager-digital-delivery.md",
    "depends_on": [
      "Lead Architect",
      "Structural Coordination Lead",
      "MEP Coordination Lead"
    ],
    "handoff_to": [
      "QA/QC & Risk Manager",
      "Code & Permitting Coordinator",
      "Construction Administration"
    ],
    "inputs_contract": [
      "templates/docs/bim-execution-plan.md",
      "templates/docs/lod-matrix.md",
      "templates/docs/cde-protocol.md"
    ],
    "outputs_contract": [
      "templates/docs/clash-report.md",
      "templates/docs/coordination-minutes.md",
      "templates/data/clashes.csv",
      "templates/data/sheets.csv"
    ]
  },
  {
    "role_id": "07",
    "role_name": "Computational Designer",
    "aliases": [
      "计算设计"
    ],
    "file": "roles/07-computational-designer.md",
    "depends_on": [
      "Lead Architect",
      "BIM Manager & Digital Delivery"
    ],
    "handoff_to": [
      "Lead Architect",
      "Sustainability & Performance Lead"
    ],
    "inputs_contract": [
      "templates/docs/lod-matrix.md"
    ],
    "outputs_contract": [
      "templates/docs/energy-model-summary.md",
      "templates/docs/daylight-analysis.md"
    ]
  },
  {
    "role_id": "08",
    "role_name": "Structural Coordination Lead",
    "aliases": [
      "结构专业协调"
    ],
    "file": "roles/08-structural-coordination-lead.md",
    "depends_on": [
      "Lead Architect",
      "BIM Manager & Digital Delivery"
    ],
    "handoff_to": [
      "BIM Manager & Digital Delivery",
      "QA/QC & Risk Manager",
      "Construction Administration"
    ],
    "inputs_contract": [
      "templates/docs/design-narrative.md"
    ],
    "outputs_contract": [
      "templates/docs/structural-criteria.md",
      "templates/docs/clash-report.md"
    ]
  },
  {
    "role_id": "09",
    "role_name": "MEP Coordination Lead",
    "aliases": [
      "机电专业协调"
    ],
    "file": "roles/09-mep-coordination-lead.md",
    "depends_on": [
      "Lead Architect",
      "BIM Manager & Digital Delivery"
    ],
    "handoff_to": [
      "BIM Manager & Digital Delivery",
      "QA/QC & Risk Manager",
      "Construction Administration"
    ],
    "inputs_contract": [
      "templates/docs/design-narrative.md"
    ],
    "outputs_contract": [
      "templates/docs/mep-criteria.md",
      "templates/docs/clash-report.md"
    ]
  },
  {
    "role_id": "10",
    "role_name": "Sustainability & Performance Lead",
    "aliases": [
      "可持续与性能"
    ],
    "file": "roles/10-sustainability-performance-lead.md",
    "depends_on": [
      "Urban & Site Planner",
      "Computational Designer"
    ],
    "handoff_to": [
      "Code & Permitting Coordinator",
      "Lead Architect"
    ],
    "inputs_contract": [
      "templates/docs/site-analysis.md",
      "templates/docs/energy-model-summary.md"
    ],
    "outputs_contract": [
      "templates/docs/envelope-performance.md",
      "templates/docs/daylight-analysis.md"
    ]
  },
  {
    "role_id": "11",
    "role_name": "Code & Permitting Coordinator",
    "aliases": [
      "规范与报批"
    ],
    "file": "roles/11-code-permitting-coordinator.md",
    "depends_on": [
      "Lead Architect",
      "Sustainability & Performance Lead",
      "BIM Manager & Digital Delivery"
    ],
    "handoff_to": [
      "Project Manager",
      "Lead Architect"
    ],
    "inputs_contract": [
      "templates/docs/design-narrative.md",
      "templates/docs/energy-model-summary.md"
    ],
    "outputs_contract": [
      "templates/docs/code-analysis.md",
      "templates/docs/permitting-submission.md",
      "templates/data/code_items.csv"
    ]
  },
  {
    "role_id": "12",
    "role_name": "Cost & Quantity Surveying (CQS)",
    "aliases": [
      "造价/工程量"
    ],
    "file": "roles/12-cost-qs.md",
    "depends_on": [
      "Concept Designer",
      "Lead Architect"
    ],
    "handoff_to": [
      "Project Manager",
      "Lead Architect"
    ],
    "inputs_contract": [
      "templates/docs/drawing-index.md"
    ],
    "outputs_contract": [
      "templates/docs/cost-plan.md",
      "templates/docs/value-engineering-log.md",
      "templates/data/cost_items.csv"
    ]
  },
  {
    "role_id": "13",
    "role_name": "Specification Writer",
    "aliases": [
      "规范编制"
    ],
    "file": "roles/13-specification-writer.md",
    "depends_on": [
      "Lead Architect",
      "Structural Coordination Lead",
      "MEP Coordination Lead"
    ],
    "handoff_to": [
      "Tender/Bid",
      "Construction Administration"
    ],
    "inputs_contract": [
      "templates/docs/spec-outline.md"
    ],
    "outputs_contract": [
      "templates/docs/spec-sections-index.md"
    ]
  },
  {
    "role_id": "14",
    "role_name": "Visualization & XR Lead",
    "aliases": [
      "可视化与XR"
    ],
    "file": "roles/14-visualization-xr-lead.md",
    "depends_on": [
      "Concept Designer",
      "Lead Architect"
    ],
    "handoff_to": [
      "Client/Stakeholders",
      "Lead Architect"
    ],
    "inputs_contract": [
      "templates/docs/design-options.md"
    ],
    "outputs_contract": [
      "templates/docs/drawing-index.md"
    ]
  },
  {
    "role_id": "15",
    "role_name": "Interior Design Lead",
    "aliases": [
      "室内设计"
    ],
    "file": "roles/15-interior-design-lead.md",
    "depends_on": [
      "Lead Architect"
    ],
    "handoff_to": [
      "BIM Manager & Digital Delivery",
      "CQS"
    ],
    "inputs_contract": [
      "templates/docs/material-schedule.md",
      "templates/docs/room-finish-schedule.md"
    ],
    "outputs_contract": [
      "templates/docs/door-window-schedule.md"
    ]
  },
  {
    "role_id": "16",
    "role_name": "Construction Administration",
    "aliases": [
      "施工配合",
      "建设管理",
      "CA"
    ],
    "file": "roles/16-construction-administration.md",
    "depends_on": [
      "Project Manager",
      "Lead Architect"
    ],
    "handoff_to": [
      "Project Manager",
      "Contracts & Legal Manager"
    ],
    "inputs_contract": [
      "templates/docs/tender-package-index.md",
      "templates/docs/submittal-procedure.md"
    ],
    "outputs_contract": [
      "templates/docs/field-report.md",
      "templates/docs/site-visit-agenda.md",
      "templates/docs/punchlist.md",
      "templates/docs/rfi-template.md",
      "templates/data/rfis.csv",
      "templates/data/punchlist.csv",
      "templates/data/field_reports.csv"
    ]
  },
  {
    "role_id": "17",
    "role_name": "QA/QC & Risk Manager",
    "aliases": [
      "质量与风险"
    ],
    "file": "roles/17-qa-qc-risk-manager.md",
    "depends_on": [
      "BIM Manager & Digital Delivery",
      "Structural Coordination Lead",
      "MEP Coordination Lead",
      "Specification Writer"
    ],
    "handoff_to": [
      "All Roles"
    ],
    "inputs_contract": [
      "templates/docs/drawing-index.md",
      "templates/data/issues.csv"
    ],
    "outputs_contract": [
      "templates/docs/drawing-qa.md",
      "templates/docs/model-qa.md",
      "templates/docs/risk-register.md"
    ]
  },
  {
    "role_id": "18",
    "role_name": "Contracts & Legal Manager",
    "aliases": [
      "合同与法务"
    ],
    "file": "roles/18-contracts-legal-manager.md",
    "depends_on": [
      "Project Manager",
      "Design Principal"
    ],
    "handoff_to": [
      "All Roles"
    ],
    "inputs_contract": [
      "templates/docs/transmittal.md"
    ],
    "outputs_contract": [
      "templates/docs/change-order-log.md",
      "templates/docs/asi-ccd-template.md"
    ]
  }
]