[
  {
    "role_id": "01",
    "role_name": "Program Owner",
    "aliases": [
      "项目负责人",
      "PO"
    ],
    "file": "roles/01-program-owner.md",
    "depends_on": [],
    "handoff_to": [
      "Operations Director",
      "Marketing & Content",
      "Data & Analytics"
    ],
    "inputs_contract": [
      "templates/docs/kpi-dictionary.md",
      "templates/docs/risk-register.md"
    ],
    "outputs_contract": [
      "docs/service-level-agreement.md",
      "docs/runbook.md"
    ]
  },
  {
    "role_id": "02",
    "role_name": "Operations Director",
    "aliases": [
      "运营总监"
    ],
    "file": "roles/02-operations-director.md",
    "depends_on": [
      "Program Owner"
    ],
    "handoff_to": [
      "Reservations Coordinator",
      "Concierge & Guest Relations",
      "Risk & Safety Officer",
      "Vendor Partnerships Manager",
      "Platform & Automation"
    ],
    "inputs_contract": [
      "docs/service-level-agreement.md"
    ],
    "outputs_contract": [
      "docs/runbook.md",
      "docs/quality-audit-form.md"
    ]
  },
  {
    "role_id": "03",
    "role_name": "Sales & Account Manager",
    "aliases": [
      "销售/大客户经理"
    ],
    "file": "roles/03-sales-account-manager.md",
    "depends_on": [
      "Marketing & Content",
      "Program Owner"
    ],
    "handoff_to": [
      "Reservations Coordinator",
      "Itinerary Designer",
      "Compliance, Visa & Legal"
    ],
    "inputs_contract": [
      "templates/docs/inquiry-brief.md"
    ],
    "outputs_contract": [
      "templates/docs/quote-proposal.md",
      "templates/docs/contract-deposit.md",
      "templates/data/bookings.csv"
    ]
  },
  {
    "role_id": "04",
    "role_name": "Reservations Coordinator",
    "aliases": [
      "预订协调"
    ],
    "file": "roles/04-reservations-coordinator.md",
    "depends_on": [
      "Sales & Account Manager",
      "Vendor Partnerships Manager"
    ],
    "handoff_to": [
      "Accommodation Liaison",
      "Itinerary Designer",
      "Finance & Billing"
    ],
    "inputs_contract": [
      "templates/docs/contract-deposit.md",
      "templates/data/bookings.csv"
    ],
    "outputs_contract": [
      "templates/docs/rooming-list.md",
      "templates/docs/dining-reservation.md",
      "templates/docs/attraction-booking.md"
    ]
  },
  {
    "role_id": "05",
    "role_name": "Itinerary Designer",
    "aliases": [
      "行程设计师"
    ],
    "file": "roles/05-itinerary-designer.md",
    "depends_on": [
      "Sales & Account Manager",
      "Reservations Coordinator",
      "Vendor Partnerships Manager"
    ],
    "handoff_to": [
      "Concierge & Guest Relations",
      "Transportation Coordinator",
      "Tour Guide Lead"
    ],
    "inputs_contract": [
      "templates/docs/inquiry-brief.md",
      "templates/docs/rooming-list.md"
    ],
    "outputs_contract": [
      "templates/docs/itinerary-master.md",
      "templates/docs/daily-run-sheet.md",
      "templates/data/segments.csv"
    ]
  },
  {
    "role_id": "06",
    "role_name": "Concierge & Guest Relations",
    "aliases": [
      "礼宾/宾客关系",
      "Concierge"
    ],
    "file": "roles/06-concierge-guest-relations.md",
    "depends_on": [
      "Itinerary Designer",
      "Reservations Coordinator",
      "Compliance, Visa & Legal"
    ],
    "handoff_to": [
      "Transportation Coordinator",
      "Tour Guide Lead",
      "Finance & Billing",
      "Customer Support"
    ],
    "inputs_contract": [
      "templates/docs/itinerary-master.md",
      "templates/data/bookings.csv"
    ],
    "outputs_contract": [
      "templates/docs/concierge-log.md",
      "templates/docs/vip-welcome-card.md",
      "templates/data/changes.csv"
    ]
  },
  {
    "role_id": "07",
    "role_name": "Transportation Coordinator",
    "aliases": [
      "交通协调"
    ],
    "file": "roles/07-transportation-coordinator.md",
    "depends_on": [
      "Itinerary Designer",
      "Vendor Partnerships Manager"
    ],
    "handoff_to": [
      "Tour Guide Lead",
      "Tour Guide"
    ],
    "inputs_contract": [
      "templates/docs/daily-run-sheet.md",
      "templates/data/segments.csv"
    ],
    "outputs_contract": [
      "templates/docs/transfer-order.md",
      "templates/data/transfers.csv",
      "templates/docs/pnr-flight-summary.md"
    ]
  },
  {
    "role_id": "08",
    "role_name": "Accommodation Liaison",
    "aliases": [
      "住宿对接"
    ],
    "file": "roles/08-accommodation-liaison.md",
    "depends_on": [
      "Reservations Coordinator",
      "Vendor Partnerships Manager"
    ],
    "handoff_to": [
      "Concierge & Guest Relations",
      "Finance & Billing"
    ],
    "inputs_contract": [
      "templates/docs/rooming-list.md"
    ],
    "outputs_contract": [
      "templates/data/room_allocations.csv",
      "templates/docs/service-level-agreement.md"
    ]
  },
  {
    "role_id": "09",
    "role_name": "Tour Guide Lead",
    "aliases": [
      "导览主管"
    ],
    "file": "roles/09-tour-guide-lead.md",
    "depends_on": [
      "Itinerary Designer",
      "Vendor Partnerships Manager",
      "Risk & Safety Officer"
    ],
    "handoff_to": [
      "Tour Guide",
      "Concierge & Guest Relations",
      "Customer Support"
    ],
    "inputs_contract": [
      "templates/docs/daily-run-sheet.md",
      "templates/data/segments.csv"
    ],
    "outputs_contract": [
      "templates/docs/guide-briefing.md",
      "templates/data/roster.csv"
    ]
  },
  {
    "role_id": "10",
    "role_name": "Tour Guide",
    "aliases": [
      "导游"
    ],
    "file": "roles/10-tour-guide.md",
    "depends_on": [
      "Tour Guide Lead",
      "Concierge & Guest Relations"
    ],
    "handoff_to": [
      "Concierge & Guest Relations",
      "Customer Support"
    ],
    "inputs_contract": [
      "templates/docs/guide-briefing.md"
    ],
    "outputs_contract": [
      "templates/docs/incident-report-service.md",
      "templates/data/incidents.csv"
    ]
  },
  {
    "role_id": "11",
    "role_name": "Vendor Partnerships Manager",
    "aliases": [
      "供应商/合作伙伴经理"
    ],
    "file": "roles/11-vendor-partnerships.md",
    "depends_on": [
      "Operations Director"
    ],
    "handoff_to": [
      "Reservations Coordinator",
      "Transportation Coordinator",
      "Itinerary Designer",
      "Finance & Billing"
    ],
    "inputs_contract": [
      "templates/docs/quality-audit-form.md"
    ],
    "outputs_contract": [
      "templates/docs/vendor-contract.md",
      "templates/data/vendors.csv"
    ]
  },
  {
    "role_id": "12",
    "role_name": "Risk & Safety Officer",
    "aliases": [
      "风险与安全官"
    ],
    "file": "roles/12-risk-safety-officer.md",
    "depends_on": [
      "Operations Director"
    ],
    "handoff_to": [
      "All Roles"
    ],
    "inputs_contract": [
      "templates/docs/emergency-playbook.md"
    ],
    "outputs_contract": [
      "templates/docs/incident-report-safety.md",
      "templates/data/incidents.csv"
    ]
  },
  {
    "role_id": "13",
    "role_name": "Compliance, Visa & Legal",
    "aliases": [
      "合规/签证/法律"
    ],
    "file": "roles/13-compliance-visa-legal.md",
    "depends_on": [
      "Sales & Account Manager",
      "Operations Director"
    ],
    "handoff_to": [
      "Reservations Coordinator",
      "Concierge & Guest Relations"
    ],
    "inputs_contract": [
      "templates/docs/inquiry-brief.md"
    ],
    "outputs_contract": [
      "templates/docs/visa-checklist.md",
      "templates/docs/privacy-policy-summary.md"
    ]
  },
  {
    "role_id": "14",
    "role_name": "Finance & Billing",
    "aliases": [
      "财务与结算"
    ],
    "file": "roles/14-finance-billing.md",
    "depends_on": [
      "Reservations Coordinator",
      "Concierge & Guest Relations",
      "Vendor Partnerships Manager"
    ],
    "handoff_to": [
      "Program Owner",
      "Operations Director"
    ],
    "inputs_contract": [
      "templates/data/reconciliation.csv",
      "templates/data/payments.csv"
    ],
    "outputs_contract": [
      "templates/docs/reconciliation-report.md",
      "templates/docs/invoice.md"
    ]
  },
  {
    "role_id": "15",
    "role_name": "Customer Support",
    "aliases": [
      "客服中心"
    ],
    "file": "roles/15-customer-support.md",
    "depends_on": [
      "Sales & Account Manager",
      "Concierge & Guest Relations"
    ],
    "handoff_to": [
      "Operations Director",
      "Data & Analytics"
    ],
    "inputs_contract": [
      "templates/docs/concierge-log.md",
      "templates/data/changes.csv"
    ],
    "outputs_contract": [
      "templates/docs/feedback-survey.md",
      "templates/data/feedback.csv"
    ]
  },
  {
    "role_id": "16",
    "role_name": "Marketing & Content",
    "aliases": [
      "市场与内容"
    ],
    "file": "roles/16-marketing-content.md",
    "depends_on": [
      "Program Owner",
      "Data & Analytics"
    ],
    "handoff_to": [
      "Sales & Account Manager",
      "Customer Support"
    ],
    "inputs_contract": [
      "templates/docs/quote-proposal.md",
      "templates/data/feedback.csv"
    ],
    "outputs_contract": [
      "templates/docs/quote-proposal.md"
    ]
  },
  {
    "role_id": "17",
    "role_name": "Data & Analytics",
    "aliases": [
      "数据与分析"
    ],
    "file": "roles/17-data-analytics.md",
    "depends_on": [
      "Platform & Automation",
      "All Roles"
    ],
    "handoff_to": [
      "Program Owner",
      "Operations Director",
      "Marketing & Content"
    ],
    "inputs_contract": [
      "templates/data/*.csv"
    ],
    "outputs_contract": [
      "templates/docs/reconciliation-report.md",
      "templates/data/kpi.csv"
    ]
  },
  {
    "role_id": "18",
    "role_name": "Platform & Automation",
    "aliases": [
      "平台与自动化"
    ],
    "file": "roles/18-platform-automation.md",
    "depends_on": [
      "Operations Director",
      "Security (implicit)"
    ],
    "handoff_to": [
      "All Roles"
    ],
    "inputs_contract": [
      "templates/docs/*.md",
      "templates/data/*.csv"
    ],
    "outputs_contract": [
      "delivery/bundle.zip",
      "templates/docs/runbook.md"
    ]
  }
]