Role,Capabilities
Program Owner,Strategy;KPIs;Risk;Budget
Operations Director,SLA;Runbook;Quality
Sales & Account Manager,Inquiry;Proposal;Contract
Reservations Coordinator,Inventory;Rooms;Tickets
Itinerary Designer,Plan;Run-sheet;Segments
Concierge & Guest Relations,Care;Changes;VIP
Transportation Coordinator,Transfers;Flights;Vehicles
Accommodation Liaison,Rooms;Frontdesk;SLA
Tour Guide Lead,Roster;Briefings;Quality
Tour Guide,Guiding;Service;Incidents
Vendor Partnerships Manager,Contracts;Audits;Rates
Risk & Safety Officer,Emergency;Safety;Oversight
"Compliance, Visa & Legal",Visa;Privacy;Terms
Finance & Billing,Reconciliation;Invoice;Payments
Customer Support,Tickets;Feedback;Retention
Marketing & Content,Campaigns;Collateral;Brand
Data & Analytics,Dashboards;KPI;Reports
Platform & Automation,Integration;Automation;Bundle
