[
  {
    "role_id": "01",
    "role_name": "Design Director",
    "file": "roles/01-design-director.md"
  },
  {
    "role_id": "02",
    "role_name": "Lead Architect / Project Architect",
    "file": "roles/02-lead-architect.md"
  },
  {
    "role_id": "03",
    "role_name": "Project Manager (PM)",
    "file": "roles/03-project-manager.md"
  },
  {
    "role_id": "04",
    "role_name": "BIM Manager / Digital Delivery Lead",
    "file": "roles/04-bim-manager.md"
  },
  {
    "role_id": "05",
    "role_name": "Structural Engineer Lead",
    "file": "roles/05-structural-lead.md"
  },
  {
    "role_id": "06",
    "role_name": "MEP Engineer Lead",
    "file": "roles/06-mep-lead.md"
  },
  {
    "role_id": "07",
    "role_name": "Interior Design Lead",
    "file": "roles/07-interior-lead.md"
  },
  {
    "role_id": "08",
    "role_name": "Landscape Architect",
    "file": "roles/08-landscape-architect.md"
  },
  {
    "role_id": "09",
    "role_name": "Façade/Envelope Engineer",
    "file": "roles/09-facade-engineer.md"
  },
  {
    "role_id": "10",
    "role_name": "Urban Planner / Site Planner",
    "file": "roles/10-urban-planner.md"
  },
  {
    "role_id": "11",
    "role_name": "Sustainability & Energy Lead",
    "file": "roles/11-sustainability-energy-lead.md"
  },
  {
    "role_id": "12",
    "role_name": "Code Compliance Officer",
    "file": "roles/12-code-compliance-officer.md"
  },
  {
    "role_id": "13",
    "role_name": "Specifications Writer",
    "file": "roles/13-specifications-writer.md"
  },
  {
    "role_id": "14",
    "role_name": "Visualization & VR Lead",
    "file": "roles/14-visualization-vr-lead.md"
  },
  {
    "role_id": "15",
    "role_name": "Cost Estimator / QS",
    "file": "roles/15-cost-estimator.md"
  },
  {
    "role_id": "16",
    "role_name": "Construction Administrator",
    "file": "roles/16-construction-administrator.md"
  },
  {
    "role_id": "17",
    "role_name": "Document Control / QA-QC Lead",
    "file": "roles/17-doc-control-qaqc.md"
  },
  {
    "role_id": "18",
    "role_name": "Contracts & Legal Coordinator",
    "file": "roles/18-contracts-legal.md"
  }
]