Role,Capabilities
Plant General Manager,Strategy;KPI;Risk;Runbook
Program / NPI Manager,APQP;PPAP;Readiness
Product Design Engineer,Design Spec;DFMEA;BOM/Routing
Process & Manufacturing Engineer,PFMEA;Control Plan;SOP
Quality Manager,MSA;SPC;PPAP;8D;LPA
Supplier Quality Engineer (SQE),Supplier PPAP;SCAR;Audit
Production Planning & Control (PPC),MRP;WO;Capacity
Purchasing & Sourcing,Sourcing;Receiving;Suppliers
Production Supervisor,Run@Rate;OEE;Production Log
Maintenance & TPM Lead,PM;Downtime;TPM
Tooling & Industrialization Lead,Tooling Plan;Tryout;Life
EHS Manager,HIRA;LOTO;Emergency
Logistics & Warehouse,ASN;Shipments;Inventory
Metrology & Lab,Calibration;MSA GRR;Capability
MES / Data / IT,Traceability;SPC;KPI;Audit
Lean / CI / OpEx,LPA;Kaizen;Postmortem
Finance & Costing,Costs;KPIs;Reporting
HR & Training,Skills;Training Records
