[
  {
    "role_id": "01",
    "role_name": "Plant General Manager",
    "aliases": [
      "工厂总经理",
      "Plant GM"
    ],
    "file": "roles/01-plant-gm.md",
    "depends_on": [],
    "handoff_to": [
      "Quality Manager",
      "Production Supervisor",
      "EHS Manager",
      "Finance & Costing"
    ],
    "inputs_contract": [
      "templates/docs/kpi-dictionary.md",
      "templates/docs/risk-register.md"
    ],
    "outputs_contract": [
      "templates/docs/runbook.md"
    ]
  },
  {
    "role_id": "02",
    "role_name": "Program / NPI Manager",
    "aliases": [
      "项目/NPI经理"
    ],
    "file": "roles/02-program-npi-manager.md",
    "depends_on": [
      "Plant General Manager",
      "Purchasing & Sourcing",
      "Production Planning & Control (PPC)"
    ],
    "handoff_to": [
      "Process & Manufacturing Engineer",
      "Quality Manager",
      "Purchasing & Sourcing",
      "Production Supervisor"
    ],
    "inputs_contract": [
      "templates/docs/rfq-response.md",
      "templates/docs/feasibility-review.md"
    ],
    "outputs_contract": [
      "templates/docs/apqp-plan.md",
      "templates/docs/production-readiness-review.md"
    ]
  },
  {
    "role_id": "03",
    "role_name": "Product Design Engineer",
    "aliases": [
      "产品设计工程师"
    ],
    "file": "roles/03-product-design-engineer.md",
    "depends_on": [
      "Program / NPI Manager",
      "Customer?"
    ],
    "handoff_to": [
      "Process & Manufacturing Engineer",
      "Quality Manager",
      "Tooling & Industrialization Lead"
    ],
    "inputs_contract": [
      "templates/docs/product-design-spec.md",
      "templates/docs/dfmea.md"
    ],
    "outputs_contract": [
      "templates/data/bom.csv",
      "templates/data/routing.csv"
    ]
  },
  {
    "role_id": "04",
    "role_name": "Process & Manufacturing Engineer",
    "aliases": [
      "工艺/制造工程师"
    ],
    "file": "roles/04-process-manufacturing-engineer.md",
    "depends_on": [
      "Product Design Engineer",
      "Program / NPI Manager"
    ],
    "handoff_to": [
      "Quality Manager",
      "Production Supervisor",
      "Maintenance & TPM Lead",
      "Tooling & Industrialization Lead",
      "MES / Data / IT"
    ],
    "inputs_contract": [
      "templates/docs/process-flow.md",
      "templates/docs/pfmea.md"
    ],
    "outputs_contract": [
      "templates/docs/control-plan.md",
      "templates/docs/work-instruction-sop.md",
      "templates/data/process_parameters.csv"
    ]
  },
  {
    "role_id": "05",
    "role_name": "Quality Manager",
    "aliases": [
      "质量经理"
    ],
    "file": "roles/05-quality-manager.md",
    "depends_on": [
      "Program / NPI Manager",
      "Process & Manufacturing Engineer",
      "Metrology & Lab",
      "Supplier Quality Engineer (SQE)"
    ],
    "handoff_to": [
      "Production Supervisor",
      "Customer",
      "Supplier Quality Engineer (SQE)",
      "Plant General Manager"
    ],
    "inputs_contract": [
      "templates/docs/apqp-plan.md",
      "templates/docs/inspection-plan.md",
      "templates/data/inspection_characteristics.csv"
    ],
    "outputs_contract": [
      "templates/docs/ppap-checklist.md",
      "templates/docs/psw-part-submission-warrant.md",
      "templates/docs/8d-capa.md",
      "templates/data/lpa_results.csv"
    ]
  },
  {
    "role_id": "06",
    "role_name": "Supplier Quality Engineer (SQE)",
    "aliases": [
      "供应商质量工程师",
      "SQE"
    ],
    "file": "roles/06-supplier-quality-engineer.md",
    "depends_on": [
      "Purchasing & Sourcing",
      "Program / NPI Manager"
    ],
    "handoff_to": [
      "Quality Manager",
      "Purchasing & Sourcing",
      "Logistics & Warehouse"
    ],
    "inputs_contract": [
      "templates/docs/supplier-onboarding.md",
      "templates/docs/supplier-ppap-requirements.md"
    ],
    "outputs_contract": [
      "templates/docs/scar-supplier-corrective-action.md",
      "templates/data/supplier_ppap.csv"
    ]
  },
  {
    "role_id": "07",
    "role_name": "Production Planning & Control (PPC)",
    "aliases": [
      "生产计划与控制",
      "PPC"
    ],
    "file": "roles/07-production-planning-control.md",
    "depends_on": [
      "Sales?",
      "Program / NPI Manager"
    ],
    "handoff_to": [
      "Purchasing & Sourcing",
      "Production Supervisor",
      "Logistics & Warehouse",
      "Finance & Costing"
    ],
    "inputs_contract": [
      "templates/data/mrp_plan.csv"
    ],
    "outputs_contract": [
      "templates/data/work_orders.csv",
      "templates/docs/production-readiness-review.md"
    ]
  },
  {
    "role_id": "08",
    "role_name": "Purchasing & Sourcing",
    "aliases": [
      "采购/战略寻源"
    ],
    "file": "roles/08-purchasing-sourcing.md",
    "depends_on": [
      "Production Planning & Control (PPC)",
      "Program / NPI Manager"
    ],
    "handoff_to": [
      "Supplier Quality Engineer (SQE)",
      "Logistics & Warehouse",
      "Finance & Costing"
    ],
    "inputs_contract": [
      "templates/docs/capacity-analysis.md",
      "templates/docs/supplier-audit-checklist.md"
    ],
    "outputs_contract": [
      "templates/data/suppliers.csv",
      "templates/data/receiving.csv"
    ]
  },
  {
    "role_id": "09",
    "role_name": "Production Supervisor",
    "aliases": [
      "生产主管"
    ],
    "file": "roles/09-production-supervisor.md",
    "depends_on": [
      "Process & Manufacturing Engineer",
      "Quality Manager",
      "Production Planning & Control (PPC)"
    ],
    "handoff_to": [
      "Logistics & Warehouse",
      "Quality Manager",
      "Maintenance & TPM Lead",
      "MES / Data / IT"
    ],
    "inputs_contract": [
      "templates/docs/run-at-rate-report.md",
      "templates/data/work_orders.csv"
    ],
    "outputs_contract": [
      "templates/data/production_log.csv",
      "templates/data/oee.csv"
    ]
  },
  {
    "role_id": "10",
    "role_name": "Maintenance & TPM Lead",
    "aliases": [
      "设备与TPM负责人"
    ],
    "file": "roles/10-maintenance-tpm-lead.md",
    "depends_on": [
      "Production Supervisor",
      "Process & Manufacturing Engineer",
      "Tooling & Industrialization Lead"
    ],
    "handoff_to": [
      "Production Supervisor",
      "EHS Manager",
      "MES / Data / IT"
    ],
    "inputs_contract": [
      "templates/docs/maintenance-plan-pm.md",
      "templates/docs/pm-checklist.md"
    ],
    "outputs_contract": [
      "templates/data/downtime_log.csv",
      "templates/data/maintenance_pm.csv"
    ]
  },
  {
    "role_id": "11",
    "role_name": "Tooling & Industrialization Lead",
    "aliases": [
      "工装/工业化负责人"
    ],
    "file": "roles/11-tooling-industrialization.md",
    "depends_on": [
      "Product Design Engineer",
      "Process & Manufacturing Engineer"
    ],
    "handoff_to": [
      "Process & Manufacturing Engineer",
      "Production Supervisor"
    ],
    "inputs_contract": [
      "templates/docs/tooling-plan.md"
    ],
    "outputs_contract": [
      "templates/docs/tooling-tryout-report.md",
      "templates/data/tooling_life.csv"
    ]
  },
  {
    "role_id": "12",
    "role_name": "EHS Manager",
    "aliases": [
      "EHS 安环经理"
    ],
    "file": "roles/12-ehs-manager.md",
    "depends_on": [
      "Plant General Manager",
      "Maintenance & TPM Lead"
    ],
    "handoff_to": [
      "Plant General Manager",
      "Maintenance & TPM Lead",
      "Logistics & Warehouse"
    ],
    "inputs_contract": [
      "templates/docs/ehs-hira.md",
      "templates/docs/lototo-procedure.md",
      "templates/docs/emergency-response.md"
    ],
    "outputs_contract": [
      "templates/docs/ehs-hira.md"
    ]
  },
  {
    "role_id": "13",
    "role_name": "Logistics & Warehouse",
    "aliases": [
      "物流与仓储"
    ],
    "file": "roles/13-logistics-warehouse.md",
    "depends_on": [
      "Production Supervisor",
      "Purchasing & Sourcing",
      "Production Planning & Control (PPC)"
    ],
    "handoff_to": [
      "Customer",
      "Finance & Costing"
    ],
    "inputs_contract": [
      "templates/docs/packaging-spec.md",
      "templates/docs/shipping-plan-asn.md",
      "templates/docs/inventory-policy.md"
    ],
    "outputs_contract": [
      "templates/data/asn.csv",
      "templates/data/shipments.csv",
      "templates/data/inventory.csv"
    ]
  },
  {
    "role_id": "14",
    "role_name": "Metrology & Lab",
    "aliases": [
      "计量与实验室"
    ],
    "file": "roles/14-metrology-lab.md",
    "depends_on": [
      "Quality Manager",
      "Process & Manufacturing Engineer"
    ],
    "handoff_to": [
      "Quality Manager",
      "Customer"
    ],
    "inputs_contract": [
      "templates/docs/msa-plan.md",
      "templates/docs/calibration-procedure.md"
    ],
    "outputs_contract": [
      "templates/docs/msa-report-grr.md",
      "templates/docs/capability-study-cpk.md",
      "templates/data/gage_list.csv"
    ]
  },
  {
    "role_id": "15",
    "role_name": "MES / Data / IT",
    "aliases": [
      "MES/数据/IT"
    ],
    "file": "roles/15-mes-data-it.md",
    "depends_on": [
      "All Roles"
    ],
    "handoff_to": [
      "Management",
      "Quality Manager",
      "Production Supervisor",
      "Lean / CI / OpEx"
    ],
    "inputs_contract": [
      "templates/docs/traceability-matrix.md",
      "templates/docs/spc-plan.md"
    ],
    "outputs_contract": [
      "templates/data/traceability.csv",
      "templates/data/spc_readings.csv",
      "templates/data/kpi.csv",
      "templates/data/audit_log.csv"
    ]
  },
  {
    "role_id": "16",
    "role_name": "Lean / CI / OpEx",
    "aliases": [
      "精益/持续改进/OpEx"
    ],
    "file": "roles/16-lean-ci-opex.md",
    "depends_on": [
      "Quality Manager",
      "Production Supervisor",
      "MES / Data / IT"
    ],
    "handoff_to": [
      "Plant General Manager",
      "Quality Manager",
      "Production Supervisor"
    ],
    "inputs_contract": [
      "templates/docs/lpa-layered-process-audit.md",
      "templates/docs/postmortem-report.md"
    ],
    "outputs_contract": [
      "templates/data/lpa_results.csv",
      "templates/docs/postmortem-report.md"
    ]
  },
  {
    "role_id": "17",
    "role_name": "Finance & Costing",
    "aliases": [
      "财务与成本"
    ],
    "file": "roles/17-finance-costing.md",
    "depends_on": [
      "Production Planning & Control (PPC)",
      "Purchasing & Sourcing",
      "Production Supervisor"
    ],
    "handoff_to": [
      "Plant General Manager",
      "Program / NPI Manager"
    ],
    "inputs_contract": [
      "templates/data/production_log.csv",
      "templates/data/oee.csv",
      "templates/data/inventory.csv"
    ],
    "outputs_contract": [
      "templates/data/kpi.csv"
    ]
  },
  {
    "role_id": "18",
    "role_name": "HR & Training",
    "aliases": [
      "人力与培训"
    ],
    "file": "roles/18-hr-training.md",
    "depends_on": [
      "All Roles"
    ],
    "handoff_to": [
      "All Roles"
    ],
    "inputs_contract": [
      "templates/data/skills_matrix.csv"
    ],
    "outputs_contract": [
      "templates/data/training_records.csv"
    ]
  }
]