[
  {
    "role_id": "01",
    "role_name": "Program Owner",
    "aliases": [
      "项目负责人",
      "PO"
    ],
    "file": "roles/01-program-owner.md",
    "depends_on": [],
    "handoff_to": [
      "Clinical Director",
      "Monitoring Center Manager",
      "Privacy & Compliance (DPO)"
    ],
    "inputs_contract": [
      "templates/docs/kpi-dictionary.md",
      "templates/docs/risk-register.md"
    ],
    "outputs_contract": [
      "docs/program-charter.md",
      "docs/kpi-targets.md"
    ]
  },
  {
    "role_id": "02",
    "role_name": "Clinical Director",
    "aliases": [
      "临床总监"
    ],
    "file": "roles/02-clinical-director.md",
    "depends_on": [
      "Program Owner"
    ],
    "handoff_to": [
      "Alert Governance",
      "Telemedicine Provider",
      "Care Plan Coordinator"
    ],
    "inputs_contract": [
      "docs/program-charter.md"
    ],
    "outputs_contract": [
      "docs/clinical-governance.md",
      "docs/incident-report-clinical.md"
    ]
  },
  {
    "role_id": "03",
    "role_name": "Monitoring Center Manager",
    "aliases": [
      "监控中心经理"
    ],
    "file": "roles/03-monitoring-center-manager.md",
    "depends_on": [
      "Program Owner",
      "Clinical Director"
    ],
    "handoff_to": [
      "Patient Enrollment Coordinator",
      "Support & Training",
      "Platform & Automation"
    ],
    "inputs_contract": [
      "docs/program-charter.md"
    ],
    "outputs_contract": [
      "docs/schedule-roster.md",
      "docs/runbook.md"
    ]
  },
  {
    "role_id": "04",
    "role_name": "Patient Enrollment Coordinator",
    "aliases": [
      "入组协调"
    ],
    "file": "roles/04-patient-enrollment.md",
    "depends_on": [
      "Monitoring Center Manager",
      "Privacy & Compliance (DPO)"
    ],
    "handoff_to": [
      "Device Ops & Logistics",
      "Privacy & Compliance (DPO)",
      "Integration & Data Ingest"
    ],
    "inputs_contract": [
      "docs/patient-enrollment.md",
      "docs/consent-privacy.md"
    ],
    "outputs_contract": [
      "data/patients.csv",
      "docs/device-pairing.md"
    ]
  },
  {
    "role_id": "05",
    "role_name": "Device Ops & Logistics",
    "aliases": [
      "设备运营",
      "物流"
    ],
    "file": "roles/05-device-ops-logistics.md",
    "depends_on": [
      "Patient Enrollment Coordinator",
      "Monitoring Center Manager"
    ],
    "handoff_to": [
      "Integration & Data Ingest",
      "Support & Training"
    ],
    "inputs_contract": [
      "docs/device-pairing.md"
    ],
    "outputs_contract": [
      "data/devices.csv",
      "data/pairings.csv",
      "docs/device-return-rma.md"
    ]
  },
  {
    "role_id": "06",
    "role_name": "Integration & Data Ingest",
    "aliases": [
      "集成",
      "数据接入"
    ],
    "file": "roles/06-integration-data-ingest.md",
    "depends_on": [
      "Device Ops & Logistics",
      "Platform & Automation",
      "Security & SRE"
    ],
    "handoff_to": [
      "Signal Quality Assurance",
      "Alert Governance",
      "Platform & Automation",
      "Security & SRE"
    ],
    "inputs_contract": [
      "docs/data-schema.md",
      "docs/fhir-mapping.md"
    ],
    "outputs_contract": [
      "data/signals.csv",
      "docs/audit-log-spec.md"
    ]
  },
  {
    "role_id": "07",
    "role_name": "Signal Quality Assurance",
    "aliases": [
      "信号质量QA"
    ],
    "file": "roles/07-signal-quality-assurance.md",
    "depends_on": [
      "Integration & Data Ingest"
    ],
    "handoff_to": [
      "Alert Governance",
      "Triage Nurse"
    ],
    "inputs_contract": [
      "docs/signal-quality-checklist.md",
      "data/signals.csv"
    ],
    "outputs_contract": [
      "docs/signal-quality-checklist.md",
      "data/alerts.csv"
    ]
  },
  {
    "role_id": "08",
    "role_name": "Alert Governance",
    "aliases": [
      "告警治理"
    ],
    "file": "roles/08-alert-governance.md",
    "depends_on": [
      "Clinical Director",
      "Signal Quality Assurance"
    ],
    "handoff_to": [
      "Triage Nurse",
      "Escalation & On-call Coordinator"
    ],
    "inputs_contract": [
      "data/signals.csv",
      "docs/clinical-governance.md"
    ],
    "outputs_contract": [
      "docs/alert-triage-rubric.md",
      "data/alerts.csv"
    ]
  },
  {
    "role_id": "09",
    "role_name": "Triage Nurse",
    "aliases": [
      "分诊护士",
      "RPM Nurse"
    ],
    "file": "roles/09-triage-nurse.md",
    "depends_on": [
      "Alert Governance",
      "Signal Quality Assurance",
      "Integration & Data Ingest"
    ],
    "handoff_to": [
      "Telemedicine Provider",
      "Escalation & On-call Coordinator",
      "Care Plan Coordinator",
      "Privacy & Compliance (DPO)"
    ],
    "inputs_contract": [
      "docs/alert-triage-rubric.md",
      "data/alerts.csv"
    ],
    "outputs_contract": [
      "data/triage-decisions.csv",
      "docs/followup-call-log.md"
    ]
  },
  {
    "role_id": "10",
    "role_name": "Telemedicine Provider",
    "aliases": [
      "远程医疗医生",
      "NP",
      "PA"
    ],
    "file": "roles/10-telemedicine-provider.md",
    "depends_on": [
      "Triage Nurse",
      "Alert Governance",
      "Monitoring Center Manager"
    ],
    "handoff_to": [
      "Care Plan Coordinator",
      "Billing & Payer Ops"
    ],
    "inputs_contract": [
      "data/triage-decisions.csv"
    ],
    "outputs_contract": [
      "docs/teleconsult-soap.md",
      "docs/care-plan.md",
      "data/teleconsults.csv"
    ]
  },
  {
    "role_id": "11",
    "role_name": "Care Plan Coordinator",
    "aliases": [
      "护理计划协调"
    ],
    "file": "roles/11-care-plan-coordinator.md",
    "depends_on": [
      "Telemedicine Provider",
      "Triage Nurse"
    ],
    "handoff_to": [
      "Analytics & Outcomes",
      "Patient Enrollment Coordinator"
    ],
    "inputs_contract": [
      "docs/care-plan.md",
      "docs/teleconsult-soap.md"
    ],
    "outputs_contract": [
      "data/careplans.csv",
      "docs/followup-call-log.md"
    ]
  },
  {
    "role_id": "12",
    "role_name": "Escalation & On-call Coordinator",
    "aliases": [
      "升级",
      "值班协调"
    ],
    "file": "roles/12-escalation-oncall.md",
    "depends_on": [
      "Triage Nurse",
      "Alert Governance",
      "Security & SRE"
    ],
    "handoff_to": [
      "Telemedicine Provider",
      "Security & SRE"
    ],
    "inputs_contract": [
      "data/alerts.csv",
      "docs/escalation-protocol.md"
    ],
    "outputs_contract": [
      "data/escalations.csv",
      "docs/outage-playbook.md"
    ]
  },
  {
    "role_id": "13",
    "role_name": "Privacy & Compliance (DPO)",
    "aliases": [
      "隐私",
      "合规",
      "DPO"
    ],
    "file": "roles/13-privacy-compliance-dpo.md",
    "depends_on": [
      "Program Owner",
      "Platform & Automation"
    ],
    "handoff_to": [
      "All"
    ],
    "inputs_contract": [
      "docs/consent-privacy.md",
      "data/*"
    ],
    "outputs_contract": [
      "docs/compliance-register.md",
      "docs/data-retention-policy.md"
    ]
  },
  {
    "role_id": "14",
    "role_name": "Security & SRE",
    "aliases": [
      "安全",
      "可靠性"
    ],
    "file": "roles/14-security-sre.md",
    "depends_on": [
      "Platform & Automation",
      "Integration & Data Ingest"
    ],
    "handoff_to": [
      "Platform & Automation",
      "All"
    ],
    "inputs_contract": [
      "docs/audit-log-spec.md"
    ],
    "outputs_contract": [
      "data/uptime.csv",
      "docs/outage-playbook.md",
      "docs/incident-report-technical.md"
    ]
  },
  {
    "role_id": "15",
    "role_name": "Analytics & Outcomes",
    "aliases": [
      "分析",
      "结果"
    ],
    "file": "roles/15-analytics-outcomes.md",
    "depends_on": [
      "Integration & Data Ingest",
      "Care Plan Coordinator"
    ],
    "handoff_to": [
      "Program Owner",
      "Clinical Director"
    ],
    "inputs_contract": [
      "data/*.csv"
    ],
    "outputs_contract": [
      "docs/analytics-report.md",
      "data/kpi.csv"
    ]
  },
  {
    "role_id": "16",
    "role_name": "Support & Training",
    "aliases": [
      "支持",
      "培训"
    ],
    "file": "roles/16-support-training.md",
    "depends_on": [
      "Monitoring Center Manager",
      "Device Ops & Logistics"
    ],
    "handoff_to": [
      "Monitoring Center Manager",
      "Device Ops & Logistics",
      "Patient Enrollment Coordinator"
    ],
    "inputs_contract": [
      "docs/training-plan.md"
    ],
    "outputs_contract": [
      "docs/training-plan.md",
      "docs/followup-call-log.md"
    ]
  },
  {
    "role_id": "17",
    "role_name": "Billing & Payer Ops",
    "aliases": [
      "结算",
      "支付方运营"
    ],
    "file": "roles/17-billing-payer-ops.md",
    "depends_on": [
      "Telemedicine Provider",
      "Care Plan Coordinator"
    ],
    "handoff_to": [
      "Finance",
      "Program Owner"
    ],
    "inputs_contract": [
      "docs/teleconsult-soap.md",
      "data/careplans.csv"
    ],
    "outputs_contract": [
      "docs/invoice-claim.md"
    ]
  },
  {
    "role_id": "18",
    "role_name": "Platform & Automation",
    "aliases": [
      "平台",
      "自动化"
    ],
    "file": "roles/18-platform-automation.md",
    "depends_on": [
      "Program Owner",
      "Security & SRE"
    ],
    "handoff_to": [
      "All"
    ],
    "inputs_contract": [
      "docs/*.md",
      "data/*.csv"
    ],
    "outputs_contract": [
      "docs/merge-report.md",
      "delivery/bundle.zip"
    ]
  }
]