Role,Capabilities
Program Owner,Strategy;KPIs;Risk;Budget
Clinical Director,Clinical Governance;Incident Oversight
Monitoring Center Manager,Roster;Queues;Runbook
Patient Enrollment Coordinator,Enrollment;Consent;Pairing
Device Ops & Logistics,Provision;RMA;Inventory
Integration & Data Ingest,Schema;FHIR;Audit
Signal Quality Assurance,Continuity;Noise;QA
Alert Governance,Rules;Thresholds;Performance
Triage Nurse,Triage;Follow-up;Escalation
Telemedicine Provider,Teleconsult;Care Plan
Care Plan Coordinator,Care Plan;Follow-up
Escalation & On-call Coordinator,On-call;Outage;Escalation
Privacy & Compliance (DPO),Consent;Retention;Compliance
Security & SRE,Monitoring;Incidents;Uptime
Analytics & Outcomes,Dashboards;KPI;Reports
Support & Training,Training;Helpdesk
Billing & Payer Ops,Claims;Invoicing
Platform & Automation,Integration;Automation;Bundle
