Role,Capabilities
Principal Investigator,Strategy;KPIs;Risk;Ethics Oversight
Lab Operations Manager,Roster;Access;Housekeeping;Records
Biosafety Officer / EHS,Risk Assessment;Incidents;Training
Quality Systems Lead,SOP;Deviation;Change;CAPA
Regulatory & Compliance,IBC/IRB/MTA;Consent Registers
Cell Culture Lead,Cell Bank Records;Passage Logs
iPSC / StemCell Engineering,Differentiation Records
Gene Editing / CRISPR Lead,Design Sheets;Batch Records;Screening Logs
Organoid / Tissue Engineering,Sampling Plans;Batch Records
Bioprocess / Bioreactor,Run Plans;Batch Records
Analytical QC / Assay,QC Panels;Result Logs
Sequencing / Omics,Run Sheets;Metadata
Bioinformatics / Data Science,Pipelines;Data Dictionary
Biobank / Sample Manager,Consent;Sample Manifests
Procurement & Inventory,Inventory;Shipments
Equipment & Metrology,Calibration;Maintenance
Tech Transfer & Documentation,Transfer Packs;SOP Index
ELN / LIMS Platform,Naming Policy;Merge Reports;Bundle
