[
  {
    "role_id": "01",
    "role_name": "Principal Investigator",
    "aliases": [
      "PI",
      "实验室主任",
      "PO"
    ],
    "file": "roles/01-principal-investigator.md",
    "depends_on": [],
    "handoff_to": [
      "Lab Operations Manager",
      "Quality Systems Lead",
      "Regulatory & Compliance"
    ],
    "inputs_contract": [
      "templates/docs/kpi-dictionary.md",
      "templates/docs/risk-register.md"
    ],
    "outputs_contract": [
      "docs/strategy.md",
      "docs/kpi-targets.md"
    ]
  },
  {
    "role_id": "02",
    "role_name": "Lab Operations Manager",
    "aliases": [
      "实验室运营经理",
      "Ops"
    ],
    "file": "roles/02-lab-operations-manager.md",
    "depends_on": [
      "Principal Investigator"
    ],
    "handoff_to": [
      "Procurement & Inventory",
      "Equipment & Metrology",
      "ELN / LIMS Platform"
    ],
    "inputs_contract": [
      "docs/strategy.md"
    ],
    "outputs_contract": [
      "docs/eln-naming-policy.md",
      "docs/cleaning-log.md"
    ]
  },
  {
    "role_id": "03",
    "role_name": "Biosafety Officer / EHS",
    "aliases": [
      "生物安全官",
      "EHS"
    ],
    "file": "roles/03-biosafety-officer-ehs.md",
    "depends_on": [
      "Principal Investigator",
      "Lab Operations Manager"
    ],
    "handoff_to": [
      "All"
    ],
    "inputs_contract": [
      "docs/biosafety-risk-assessment.md"
    ],
    "outputs_contract": [
      "docs/incident-report-biosafety.md",
      "docs/compliance-register.md"
    ]
  },
  {
    "role_id": "04",
    "role_name": "Quality Systems Lead",
    "aliases": [
      "质量体系",
      "GLP/GxP"
    ],
    "file": "roles/04-quality-systems-lead.md",
    "depends_on": [
      "Principal Investigator",
      "Lab Operations Manager"
    ],
    "handoff_to": [
      "All"
    ],
    "inputs_contract": [
      "docs/sop-template.md",
      "docs/protocol-template.md"
    ],
    "outputs_contract": [
      "docs/deviation-report.md",
      "docs/change-control.md",
      "docs/capa-record.md"
    ]
  },
  {
    "role_id": "05",
    "role_name": "Regulatory & Compliance",
    "aliases": [
      "合规",
      "IBC",
      "IRB",
      "MTA"
    ],
    "file": "roles/05-regulatory-compliance.md",
    "depends_on": [
      "Principal Investigator",
      "Biosafety Officer / EHS"
    ],
    "handoff_to": [
      "Cell Culture Lead",
      "iPSC / StemCell Engineering",
      "Gene Editing / CRISPR Lead",
      "Biobank / Sample Manager"
    ],
    "inputs_contract": [
      "docs/ibc-protocol.md",
      "docs/irb-bridging-consent.md"
    ],
    "outputs_contract": [
      "docs/mta-record.md",
      "docs/donor-consent-register.md"
    ]
  },
  {
    "role_id": "06",
    "role_name": "Cell Culture Lead",
    "aliases": [
      "细胞培养"
    ],
    "file": "roles/06-cell-culture-lead.md",
    "depends_on": [
      "Regulatory & Compliance",
      "Biobank / Sample Manager"
    ],
    "handoff_to": [
      "iPSC / StemCell Engineering",
      "Gene Editing / CRISPR Lead",
      "Organoid / Tissue Engineering",
      "Analytical QC / Assay"
    ],
    "inputs_contract": [
      "docs/cell-line-passport.md",
      "docs/donor-consent-register.md"
    ],
    "outputs_contract": [
      "docs/culture-log.md",
      "data/cell-bank.csv",
      "data/passages.csv"
    ]
  },
  {
    "role_id": "07",
    "role_name": "iPSC / StemCell Engineering",
    "aliases": [
      "iPSC",
      "干细胞工程"
    ],
    "file": "roles/07-ipsc-stemcell-engineering.md",
    "depends_on": [
      "Cell Culture Lead",
      "Regulatory & Compliance"
    ],
    "handoff_to": [
      "Organoid / Tissue Engineering",
      "Analytical QC / Assay"
    ],
    "inputs_contract": [
      "docs/differentiation-organoid-protocol.md"
    ],
    "outputs_contract": [
      "docs/batch-record.md"
    ]
  },
  {
    "role_id": "08",
    "role_name": "Gene Editing / CRISPR Lead",
    "aliases": [
      "基因编辑",
      "CRISPR"
    ],
    "file": "roles/08-gene-editing-crispr.md",
    "depends_on": [
      "Cell Culture Lead",
      "Regulatory & Compliance"
    ],
    "handoff_to": [
      "Analytical QC / Assay",
      "Sequencing / Omics",
      "Tech Transfer & Documentation"
    ],
    "inputs_contract": [
      "docs/crispr-design-sheet.md",
      "docs/cell-line-passport.md"
    ],
    "outputs_contract": [
      "docs/clone-screening-sheet.md",
      "docs/batch-record.md",
      "data/qc-assays.csv"
    ]
  },
  {
    "role_id": "09",
    "role_name": "Organoid / Tissue Engineering",
    "aliases": [
      "类器官",
      "组织工程"
    ],
    "file": "roles/09-organoid-tissue-engineering.md",
    "depends_on": [
      "iPSC / StemCell Engineering",
      "Cell Culture Lead"
    ],
    "handoff_to": [
      "Analytical QC / Assay",
      "Bioprocess / Bioreactor",
      "Tech Transfer & Documentation"
    ],
    "inputs_contract": [
      "docs/differentiation-organoid-protocol.md"
    ],
    "outputs_contract": [
      "docs/sampling-plan.md",
      "docs/batch-record.md"
    ]
  },
  {
    "role_id": "10",
    "role_name": "Bioprocess / Bioreactor",
    "aliases": [
      "生物工艺",
      "反应器"
    ],
    "file": "roles/10-bioprocess-bioreactor.md",
    "depends_on": [
      "Organoid / Tissue Engineering",
      "iPSC / StemCell Engineering"
    ],
    "handoff_to": [
      "Analytical QC / Assay",
      "Tech Transfer & Documentation"
    ],
    "inputs_contract": [
      "docs/bioreactor-run-plan.md"
    ],
    "outputs_contract": [
      "docs/batch-record.md"
    ]
  },
  {
    "role_id": "11",
    "role_name": "Analytical QC / Assay",
    "aliases": [
      "分析",
      "QC"
    ],
    "file": "roles/11-analytical-qc-assay.md",
    "depends_on": [
      "Gene Editing / CRISPR Lead",
      "Organoid / Tissue Engineering",
      "Bioprocess / Bioreactor"
    ],
    "handoff_to": [
      "Sequencing / Omics",
      "Tech Transfer & Documentation"
    ],
    "inputs_contract": [
      "docs/qc-panel.md",
      "docs/sampling-plan.md"
    ],
    "outputs_contract": [
      "data/qc-assays.csv"
    ]
  },
  {
    "role_id": "12",
    "role_name": "Sequencing / Omics",
    "aliases": [
      "测序",
      "多组学"
    ],
    "file": "roles/12-sequencing-omics.md",
    "depends_on": [
      "Analytical QC / Assay"
    ],
    "handoff_to": [
      "Bioinformatics / Data Science",
      "Tech Transfer & Documentation"
    ],
    "inputs_contract": [
      "docs/sequencing-run-sheet.md"
    ],
    "outputs_contract": [
      "data/sequencing-runs.csv",
      "data/reads-metadata.csv"
    ]
  },
  {
    "role_id": "13",
    "role_name": "Bioinformatics / Data Science",
    "aliases": [
      "生信",
      "数据分析"
    ],
    "file": "roles/13-bioinformatics-data-science.md",
    "depends_on": [
      "Sequencing / Omics"
    ],
    "handoff_to": [
      "Principal Investigator",
      "Tech Transfer & Documentation"
    ],
    "inputs_contract": [
      "docs/bioinformatics-pipeline.md",
      "data/reads-metadata.csv"
    ],
    "outputs_contract": [
      "docs/data-dictionary.md"
    ]
  },
  {
    "role_id": "14",
    "role_name": "Biobank / Sample Manager",
    "aliases": [
      "样本库",
      "生物样本"
    ],
    "file": "roles/14-biobank-sample-manager.md",
    "depends_on": [
      "Regulatory & Compliance"
    ],
    "handoff_to": [
      "Cell Culture Lead",
      "Sequencing / Omics"
    ],
    "inputs_contract": [
      "docs/donor-consent-register.md"
    ],
    "outputs_contract": [
      "data/samples-metadata.csv",
      "docs/shipment-manifest-bio.md"
    ]
  },
  {
    "role_id": "15",
    "role_name": "Procurement & Inventory",
    "aliases": [
      "采购",
      "库存",
      "冷链"
    ],
    "file": "roles/15-procurement-inventory.md",
    "depends_on": [
      "Lab Operations Manager"
    ],
    "handoff_to": [
      "All"
    ],
    "inputs_contract": [
      "docs/shipment-manifest-bio.md"
    ],
    "outputs_contract": [
      "data/inventory.csv"
    ]
  },
  {
    "role_id": "16",
    "role_name": "Equipment & Metrology",
    "aliases": [
      "设备",
      "校准",
      "维护"
    ],
    "file": "roles/16-equipment-metrology.md",
    "depends_on": [
      "Lab Operations Manager"
    ],
    "handoff_to": [
      "All"
    ],
    "inputs_contract": [
      "docs/equipment-calibration-log.md"
    ],
    "outputs_contract": [
      "data/equipment.csv"
    ]
  },
  {
    "role_id": "17",
    "role_name": "Tech Transfer & Documentation",
    "aliases": [
      "技术转移",
      "SOP文档"
    ],
    "file": "roles/17-tech-transfer-docs.md",
    "depends_on": [
      "Analytical QC / Assay",
      "Sequencing / Omics",
      "Bioprocess / Bioreactor"
    ],
    "handoff_to": [
      "External Partners",
      "Principal Investigator"
    ],
    "inputs_contract": [
      "docs/sop-template.md",
      "docs/batch-record.md"
    ],
    "outputs_contract": [
      "docs/tech-transfer-pack.md"
    ]
  },
  {
    "role_id": "18",
    "role_name": "ELN / LIMS Platform",
    "aliases": [
      "ELN",
      "LIMS",
      "自动化"
    ],
    "file": "roles/18-eln-lims-platform.md",
    "depends_on": [
      "All"
    ],
    "handoff_to": [
      "All"
    ],
    "inputs_contract": [
      "docs/*.md",
      "data/*.csv"
    ],
    "outputs_contract": [
      "docs/merge-report.md",
      "delivery/bundle.zip"
    ]
  }
]