[
  {
    "role_id": "01",
    "file": "roles/01-role.md"
  },
  {
    "role_id": "02",
    "file": "roles/02-role.md"
  },
  {
    "role_id": "03",
    "file": "roles/03-role.md"
  },
  {
    "role_id": "04",
    "file": "roles/04-role.md"
  },
  {
    "role_id": "05",
    "file": "roles/05-role.md"
  },
  {
    "role_id": "06",
    "file": "roles/06-role.md"
  },
  {
    "role_id": "07",
    "file": "roles/07-role.md"
  },
  {
    "role_id": "08",
    "file": "roles/08-role.md"
  },
  {
    "role_id": "09",
    "file": "roles/09-role.md"
  },
  {
    "role_id": "10",
    "file": "roles/10-role.md"
  },
  {
    "role_id": "11",
    "file": "roles/11-role.md"
  },
  {
    "role_id": "12",
    "file": "roles/12-role.md"
  },
  {
    "role_id": "13",
    "file": "roles/13-role.md"
  },
  {
    "role_id": "14",
    "file": "roles/14-role.md"
  },
  {
    "role_id": "15",
    "file": "roles/15-role.md"
  },
  {
    "role_id": "16",
    "file": "roles/16-role.md"
  },
  {
    "role_id": "17",
    "file": "roles/17-role.md"
  },
  {
    "role_id": "18",
    "file": "roles/18-role.md"
  }
]